Time;Computer;Level;Event ID;Source;Log;Message
2026-08-17T07:05:56.033Z;B-S-W-SQL-01;warn;208;SQLSERVERAGENT;Application;SQL Server Scheduled Job 'Emergency_Cache_Warming' (0x144466B7C98DCF46A3631FFDFB46581C) - Status: Failed - Invoked on: 2026-08-17 09:00:00 - Message: The job failed. The Job was invoked by Schedule 3094 (Every_5_Min_PLE_Check). The last step to run was step 1 (Check_PLE_And_Warm2).
2026-08-17T06:55:01.556Z;B-S-W-SQL-01;warn;208;SQLSERVERAGENT;Application;SQL Server Scheduled Job 'Emergency_Cache_Warming' (0x144466B7C98DCF46A3631FFDFB46581C) - Status: Failed - Invoked on: 2026-08-17 08:45:00 - Message: The job failed. The Job was invoked by Schedule 3094 (Every_5_Min_PLE_Check). The last step to run was step 1 (Check_PLE_And_Warm2).
2026-08-17T06:25:56.956Z;B-S-W-SQL-01;warn;208;SQLSERVERAGENT;Application;SQL Server Scheduled Job 'Emergency_Cache_Warming' (0x144466B7C98DCF46A3631FFDFB46581C) - Status: Failed - Invoked on: 2026-08-17 08:20:01 - Message: The job failed. The Job was invoked by Schedule 3094 (Every_5_Min_PLE_Check). The last step to run was step 1 (Check_PLE_And_Warm2).
2026-08-17T06:15:01.730Z;B-S-W-SQL-01;warn;208;SQLSERVERAGENT;Application;SQL Server Scheduled Job 'Emergency_Cache_Warming' (0x144466B7C98DCF46A3631FFDFB46581C) - Status: Failed - Invoked on: 2026-08-17 08:05:00 - Message: The job failed. The Job was invoked by Schedule 3094 (Every_5_Min_PLE_Check). The last step to run was step 1 (Check_PLE_And_Warm2).
2026-08-17T05:45:56.733Z;B-S-W-SQL-01;warn;208;SQLSERVERAGENT;Application;SQL Server Scheduled Job 'Emergency_Cache_Warming' (0x144466B7C98DCF46A3631FFDFB46581C) - Status: Failed - Invoked on: 2026-08-17 07:40:00 - Message: The job failed. The Job was invoked by Schedule 3094 (Every_5_Min_PLE_Check). The last step to run was step 1 (Check_PLE_And_Warm2).
2026-08-17T05:44:29.966Z;B-S-W-SQL-01;warn;4098;Group Policy Drive Maps;Application;The user 'Y:' preference item in the 'MAP_Network_Drive {93585CE6-7A8B-43B2-A7BF-ABADEC939650}' Group Policy Object did not apply because it failed with error code '0x80070035 The network path was not found.' This error was suppressed.
2026-08-17T05:44:29.950Z;B-S-W-SQL-01;warn;4098;Group Policy Drive Maps;Application;The user 'I:' preference item in the 'MAP_Network_Drive {93585CE6-7A8B-43B2-A7BF-ABADEC939650}' Group Policy Object did not apply because it failed with error code '0x80070035 The network path was not found.' This error was suppressed.
2026-08-17T05:35:02.273Z;B-S-W-SQL-01;warn;208;SQLSERVERAGENT;Application;SQL Server Scheduled Job 'Emergency_Cache_Warming' (0x144466B7C98DCF46A3631FFDFB46581C) - Status: Failed - Invoked on: 2026-08-17 07:25:00 - Message: The job failed. The Job was invoked by Schedule 3094 (Every_5_Min_PLE_Check). The last step to run was step 1 (Check_PLE_And_Warm2).
2026-08-17T05:05:56.543Z;B-S-W-SQL-01;warn;208;SQLSERVERAGENT;Application;SQL Server Scheduled Job 'Emergency_Cache_Warming' (0x144466B7C98DCF46A3631FFDFB46581C) - Status: Failed - Invoked on: 2026-08-17 07:00:00 - Message: The job failed. The Job was invoked by Schedule 3094 (Every_5_Min_PLE_Check). The last step to run was step 1 (Check_PLE_And_Warm2).
2026-08-17T04:55:02.223Z;B-S-W-SQL-01;warn;208;SQLSERVERAGENT;Application;SQL Server Scheduled Job 'Emergency_Cache_Warming' (0x144466B7C98DCF46A3631FFDFB46581C) - Status: Failed - Invoked on: 2026-08-17 06:45:00 - Message: The job failed. The Job was invoked by Schedule 3094 (Every_5_Min_PLE_Check). The last step to run was step 1 (Check_PLE_And_Warm2).
2026-08-17T04:25:56.463Z;B-S-W-SQL-01;warn;208;SQLSERVERAGENT;Application;SQL Server Scheduled Job 'Emergency_Cache_Warming' (0x144466B7C98DCF46A3631FFDFB46581C) - Status: Failed - Invoked on: 2026-08-17 06:20:00 - Message: The job failed. The Job was invoked by Schedule 3094 (Every_5_Min_PLE_Check). The last step to run was step 1 (Check_PLE_And_Warm2).
2026-08-17T04:15:01.470Z;B-S-W-SQL-01;warn;208;SQLSERVERAGENT;Application;SQL Server Scheduled Job 'Emergency_Cache_Warming' (0x144466B7C98DCF46A3631FFDFB46581C) - Status: Failed - Invoked on: 2026-08-17 06:05:00 - Message: The job failed. The Job was invoked by Schedule 3094 (Every_5_Min_PLE_Check). The last step to run was step 1 (Check_PLE_And_Warm2).
2026-08-17T04:03:28.856Z;B-S-W-SQL-01;warn;4098;Group Policy Drive Maps;Application;The user 'Y:' preference item in the 'MAP_Network_Drive {93585CE6-7A8B-43B2-A7BF-ABADEC939650}' Group Policy Object did not apply because it failed with error code '0x80070035 The network path was not found.' This error was suppressed.
2026-08-17T04:03:28.840Z;B-S-W-SQL-01;warn;4098;Group Policy Drive Maps;Application;The user 'I:' preference item in the 'MAP_Network_Drive {93585CE6-7A8B-43B2-A7BF-ABADEC939650}' Group Policy Object did not apply because it failed with error code '0x80070035 The network path was not found.' This error was suppressed.
2026-08-17T03:45:56.916Z;B-S-W-SQL-01;warn;208;SQLSERVERAGENT;Application;SQL Server Scheduled Job 'Emergency_Cache_Warming' (0x144466B7C98DCF46A3631FFDFB46581C) - Status: Failed - Invoked on: 2026-08-17 05:40:00 - Message: The job failed. The Job was invoked by Schedule 3094 (Every_5_Min_PLE_Check). The last step to run was step 1 (Check_PLE_And_Warm2).
2026-08-17T03:40:46.900Z;B-S-W-SQL-01;err;1803;Microsoft-Windows-TPM-WMI;System;"A PK-signed Key Exchange Key (KEK) cannot be found for this device. Check with the device manufacturer for proper key provisioning. This device signature information is included here. DeviceAttributes: BaseBoardManufacturer:Intel Corporation;FirmwareManufacturer:VMware, Inc.;FirmwareVersion:VMW71.00V.16707776.B64.2008070230;OEMModelNumber:VMware7,1;OEMModelBaseBoard:440BX Desktop Reference Platform;OEMModelSystemFamily:;OEMManufacturerName:VMware, Inc.;OEMModelSKU:;OSArchitecture:amd64; BucketId: c42abddf3a3802ff518f24f8dec0f7e2a2b3605404ff0d50864da0a9d2650503 BucketConfidenceLevel: High Confidence. For more information, please see https://go.microsoft.com/fwlink/?linkid=2339472"
2026-08-17T03:35:02.070Z;B-S-W-SQL-01;warn;208;SQLSERVERAGENT;Application;SQL Server Scheduled Job 'Emergency_Cache_Warming' (0x144466B7C98DCF46A3631FFDFB46581C) - Status: Failed - Invoked on: 2026-08-17 05:25:00 - Message: The job failed. The Job was invoked by Schedule 3094 (Every_5_Min_PLE_Check). The last step to run was step 1 (Check_PLE_And_Warm2).
2026-08-17T03:05:55.970Z;B-S-W-SQL-01;warn;208;SQLSERVERAGENT;Application;SQL Server Scheduled Job 'Emergency_Cache_Warming' (0x144466B7C98DCF46A3631FFDFB46581C) - Status: Failed - Invoked on: 2026-08-17 05:00:00 - Message: The job failed. The Job was invoked by Schedule 3094 (Every_5_Min_PLE_Check). The last step to run was step 1 (Check_PLE_And_Warm2).
2026-08-17T02:55:02.013Z;B-S-W-SQL-01;warn;208;SQLSERVERAGENT;Application;SQL Server Scheduled Job 'Emergency_Cache_Warming' (0x144466B7C98DCF46A3631FFDFB46581C) - Status: Failed - Invoked on: 2026-08-17 04:45:00 - Message: The job failed. The Job was invoked by Schedule 3094 (Every_5_Min_PLE_Check). The last step to run was step 1 (Check_PLE_And_Warm2).
2026-08-17T02:25:56.063Z;B-S-W-SQL-01;warn;208;SQLSERVERAGENT;Application;SQL Server Scheduled Job 'Emergency_Cache_Warming' (0x144466B7C98DCF46A3631FFDFB46581C) - Status: Failed - Invoked on: 2026-08-17 04:20:00 - Message: The job failed. The Job was invoked by Schedule 3094 (Every_5_Min_PLE_Check). The last step to run was step 1 (Check_PLE_And_Warm2).
2026-08-17T02:15:01.586Z;B-S-W-SQL-01;warn;208;SQLSERVERAGENT;Application;SQL Server Scheduled Job 'Emergency_Cache_Warming' (0x144466B7C98DCF46A3631FFDFB46581C) - Status: Failed - Invoked on: 2026-08-17 04:05:00 - Message: The job failed. The Job was invoked by Schedule 3094 (Every_5_Min_PLE_Check). The last step to run was step 1 (Check_PLE_And_Warm2).
2026-08-17T02:04:27.683Z;B-S-W-SQL-01;warn;4098;Group Policy Drive Maps;Application;The user 'Y:' preference item in the 'MAP_Network_Drive {93585CE6-7A8B-43B2-A7BF-ABADEC939650}' Group Policy Object did not apply because it failed with error code '0x80070035 The network path was not found.' This error was suppressed.
2026-08-17T02:04:27.666Z;B-S-W-SQL-01;warn;4098;Group Policy Drive Maps;Application;The user 'I:' preference item in the 'MAP_Network_Drive {93585CE6-7A8B-43B2-A7BF-ABADEC939650}' Group Policy Object did not apply because it failed with error code '0x80070035 The network path was not found.' This error was suppressed.
2026-08-17T01:45:56.443Z;B-S-W-SQL-01;warn;208;SQLSERVERAGENT;Application;SQL Server Scheduled Job 'Emergency_Cache_Warming' (0x144466B7C98DCF46A3631FFDFB46581C) - Status: Failed - Invoked on: 2026-08-17 03:40:00 - Message: The job failed. The Job was invoked by Schedule 3094 (Every_5_Min_PLE_Check). The last step to run was step 1 (Check_PLE_And_Warm2).
2026-08-17T01:35:01.980Z;B-S-W-SQL-01;warn;208;SQLSERVERAGENT;Application;SQL Server Scheduled Job 'Emergency_Cache_Warming' (0x144466B7C98DCF46A3631FFDFB46581C) - Status: Failed - Invoked on: 2026-08-17 03:25:00 - Message: The job failed. The Job was invoked by Schedule 3094 (Every_5_Min_PLE_Check). The last step to run was step 1 (Check_PLE_And_Warm2).
2026-08-17T01:05:56.630Z;B-S-W-SQL-01;warn;208;SQLSERVERAGENT;Application;SQL Server Scheduled Job 'Emergency_Cache_Warming' (0x144466B7C98DCF46A3631FFDFB46581C) - Status: Failed - Invoked on: 2026-08-17 03:00:00 - Message: The job failed. The Job was invoked by Schedule 3094 (Every_5_Min_PLE_Check). The last step to run was step 1 (Check_PLE_And_Warm2).
2026-08-17T00:55:02.420Z;B-S-W-SQL-01;warn;208;SQLSERVERAGENT;Application;SQL Server Scheduled Job 'Emergency_Cache_Warming' (0x144466B7C98DCF46A3631FFDFB46581C) - Status: Failed - Invoked on: 2026-08-17 02:45:00 - Message: The job failed. The Job was invoked by Schedule 3094 (Every_5_Min_PLE_Check). The last step to run was step 1 (Check_PLE_And_Warm2).
2026-08-17T00:27:26.703Z;B-S-W-SQL-01;warn;4098;Group Policy Drive Maps;Application;The user 'Y:' preference item in the 'MAP_Network_Drive {93585CE6-7A8B-43B2-A7BF-ABADEC939650}' Group Policy Object did not apply because it failed with error code '0x80070035 The network path was not found.' This error was suppressed.
2026-08-17T00:27:26.686Z;B-S-W-SQL-01;warn;4098;Group Policy Drive Maps;Application;The user 'I:' preference item in the 'MAP_Network_Drive {93585CE6-7A8B-43B2-A7BF-ABADEC939650}' Group Policy Object did not apply because it failed with error code '0x80070035 The network path was not found.' This error was suppressed.
2026-08-17T00:25:56.683Z;B-S-W-SQL-01;warn;208;SQLSERVERAGENT;Application;SQL Server Scheduled Job 'Emergency_Cache_Warming' (0x144466B7C98DCF46A3631FFDFB46581C) - Status: Failed - Invoked on: 2026-08-17 02:20:00 - Message: The job failed. The Job was invoked by Schedule 3094 (Every_5_Min_PLE_Check). The last step to run was step 1 (Check_PLE_And_Warm2).
2026-08-17T00:15:01.883Z;B-S-W-SQL-01;warn;208;SQLSERVERAGENT;Application;SQL Server Scheduled Job 'Emergency_Cache_Warming' (0x144466B7C98DCF46A3631FFDFB46581C) - Status: Failed - Invoked on: 2026-08-17 02:05:00 - Message: The job failed. The Job was invoked by Schedule 3094 (Every_5_Min_PLE_Check). The last step to run was step 1 (Check_PLE_And_Warm2).
2026-08-16T23:45:56.813Z;B-S-W-SQL-01;warn;208;SQLSERVERAGENT;Application;SQL Server Scheduled Job 'Emergency_Cache_Warming' (0x144466B7C98DCF46A3631FFDFB46581C) - Status: Failed - Invoked on: 2026-08-17 01:40:00 - Message: The job failed. The Job was invoked by Schedule 3094 (Every_5_Min_PLE_Check). The last step to run was step 1 (Check_PLE_And_Warm2).
2026-08-16T23:35:02.006Z;B-S-W-SQL-01;warn;208;SQLSERVERAGENT;Application;SQL Server Scheduled Job 'Emergency_Cache_Warming' (0x144466B7C98DCF46A3631FFDFB46581C) - Status: Failed - Invoked on: 2026-08-17 01:25:00 - Message: The job failed. The Job was invoked by Schedule 3094 (Every_5_Min_PLE_Check). The last step to run was step 1 (Check_PLE_And_Warm2).
2026-08-16T23:05:56.246Z;B-S-W-SQL-01;warn;208;SQLSERVERAGENT;Application;SQL Server Scheduled Job 'Emergency_Cache_Warming' (0x144466B7C98DCF46A3631FFDFB46581C) - Status: Failed - Invoked on: 2026-08-17 01:00:00 - Message: The job failed. The Job was invoked by Schedule 3094 (Every_5_Min_PLE_Check). The last step to run was step 1 (Check_PLE_And_Warm2).
2026-08-16T22:55:01.286Z;B-S-W-SQL-01;warn;208;SQLSERVERAGENT;Application;SQL Server Scheduled Job 'Emergency_Cache_Warming' (0x144466B7C98DCF46A3631FFDFB46581C) - Status: Failed - Invoked on: 2026-08-17 00:45:00 - Message: The job failed. The Job was invoked by Schedule 3094 (Every_5_Min_PLE_Check). The last step to run was step 1 (Check_PLE_And_Warm2).
2026-08-16T22:32:25.556Z;B-S-W-SQL-01;warn;4098;Group Policy Drive Maps;Application;The user 'Y:' preference item in the 'MAP_Network_Drive {93585CE6-7A8B-43B2-A7BF-ABADEC939650}' Group Policy Object did not apply because it failed with error code '0x80070035 The network path was not found.' This error was suppressed.
2026-08-16T22:32:25.540Z;B-S-W-SQL-01;warn;4098;Group Policy Drive Maps;Application;The user 'I:' preference item in the 'MAP_Network_Drive {93585CE6-7A8B-43B2-A7BF-ABADEC939650}' Group Policy Object did not apply because it failed with error code '0x80070035 The network path was not found.' This error was suppressed.
2026-08-16T22:25:56.130Z;B-S-W-SQL-01;warn;208;SQLSERVERAGENT;Application;SQL Server Scheduled Job 'Emergency_Cache_Warming' (0x144466B7C98DCF46A3631FFDFB46581C) - Status: Failed - Invoked on: 2026-08-17 00:20:00 - Message: The job failed. The Job was invoked by Schedule 3094 (Every_5_Min_PLE_Check). The last step to run was step 1 (Check_PLE_And_Warm2).
2026-08-16T22:15:02.090Z;B-S-W-SQL-01;warn;208;SQLSERVERAGENT;Application;SQL Server Scheduled Job 'Emergency_Cache_Warming' (0x144466B7C98DCF46A3631FFDFB46581C) - Status: Failed - Invoked on: 2026-08-17 00:05:00 - Message: The job failed. The Job was invoked by Schedule 3094 (Every_5_Min_PLE_Check). The last step to run was step 1 (Check_PLE_And_Warm2).
2026-08-16T21:45:56.536Z;B-S-W-SQL-01;warn;208;SQLSERVERAGENT;Application;SQL Server Scheduled Job 'Emergency_Cache_Warming' (0x144466B7C98DCF46A3631FFDFB46581C) - Status: Failed - Invoked on: 2026-08-16 23:40:00 - Message: The job failed. The Job was invoked by Schedule 3094 (Every_5_Min_PLE_Check). The last step to run was step 1 (Check_PLE_And_Warm2).
2026-08-16T21:35:01.723Z;B-S-W-SQL-01;warn;208;SQLSERVERAGENT;Application;SQL Server Scheduled Job 'Emergency_Cache_Warming' (0x144466B7C98DCF46A3631FFDFB46581C) - Status: Failed - Invoked on: 2026-08-16 23:25:00 - Message: The job failed. The Job was invoked by Schedule 3094 (Every_5_Min_PLE_Check). The last step to run was step 1 (Check_PLE_And_Warm2).
2026-08-16T21:05:56.136Z;B-S-W-SQL-01;warn;208;SQLSERVERAGENT;Application;SQL Server Scheduled Job 'Emergency_Cache_Warming' (0x144466B7C98DCF46A3631FFDFB46581C) - Status: Failed - Invoked on: 2026-08-16 23:00:00 - Message: The job failed. The Job was invoked by Schedule 3094 (Every_5_Min_PLE_Check). The last step to run was step 1 (Check_PLE_And_Warm2).
2026-08-16T20:55:01.476Z;B-S-W-SQL-01;warn;208;SQLSERVERAGENT;Application;SQL Server Scheduled Job 'Emergency_Cache_Warming' (0x144466B7C98DCF46A3631FFDFB46581C) - Status: Failed - Invoked on: 2026-08-16 22:45:00 - Message: The job failed. The Job was invoked by Schedule 3094 (Every_5_Min_PLE_Check). The last step to run was step 1 (Check_PLE_And_Warm2).
2026-08-16T20:51:24.393Z;B-S-W-SQL-01;warn;4098;Group Policy Drive Maps;Application;The user 'Y:' preference item in the 'MAP_Network_Drive {93585CE6-7A8B-43B2-A7BF-ABADEC939650}' Group Policy Object did not apply because it failed with error code '0x80070035 The network path was not found.' This error was suppressed.
2026-08-16T20:51:24.363Z;B-S-W-SQL-01;warn;4098;Group Policy Drive Maps;Application;The user 'I:' preference item in the 'MAP_Network_Drive {93585CE6-7A8B-43B2-A7BF-ABADEC939650}' Group Policy Object did not apply because it failed with error code '0x80070035 The network path was not found.' This error was suppressed.
2026-08-16T20:25:56.546Z;B-S-W-SQL-01;warn;208;SQLSERVERAGENT;Application;SQL Server Scheduled Job 'Emergency_Cache_Warming' (0x144466B7C98DCF46A3631FFDFB46581C) - Status: Failed - Invoked on: 2026-08-16 22:20:00 - Message: The job failed. The Job was invoked by Schedule 3094 (Every_5_Min_PLE_Check). The last step to run was step 1 (Check_PLE_And_Warm2).
2026-08-16T20:15:01.586Z;B-S-W-SQL-01;warn;208;SQLSERVERAGENT;Application;SQL Server Scheduled Job 'Emergency_Cache_Warming' (0x144466B7C98DCF46A3631FFDFB46581C) - Status: Failed - Invoked on: 2026-08-16 22:05:00 - Message: The job failed. The Job was invoked by Schedule 3094 (Every_5_Min_PLE_Check). The last step to run was step 1 (Check_PLE_And_Warm2).
2026-08-16T19:45:56.106Z;B-S-W-SQL-01;warn;208;SQLSERVERAGENT;Application;SQL Server Scheduled Job 'Emergency_Cache_Warming' (0x144466B7C98DCF46A3631FFDFB46581C) - Status: Failed - Invoked on: 2026-08-16 21:40:00 - Message: The job failed. The Job was invoked by Schedule 3094 (Every_5_Min_PLE_Check). The last step to run was step 1 (Check_PLE_And_Warm2).
2026-08-16T19:35:02.270Z;B-S-W-SQL-01;warn;208;SQLSERVERAGENT;Application;SQL Server Scheduled Job 'Emergency_Cache_Warming' (0x144466B7C98DCF46A3631FFDFB46581C) - Status: Failed - Invoked on: 2026-08-16 21:25:00 - Message: The job failed. The Job was invoked by Schedule 3094 (Every_5_Min_PLE_Check). The last step to run was step 1 (Check_PLE_And_Warm2).
2026-08-16T19:05:56.186Z;B-S-W-SQL-01;warn;208;SQLSERVERAGENT;Application;SQL Server Scheduled Job 'Emergency_Cache_Warming' (0x144466B7C98DCF46A3631FFDFB46581C) - Status: Failed - Invoked on: 2026-08-16 21:00:00 - Message: The job failed. The Job was invoked by Schedule 3094 (Every_5_Min_PLE_Check). The last step to run was step 1 (Check_PLE_And_Warm2).
2026-08-16T19:02:23.360Z;B-S-W-SQL-01;warn;4098;Group Policy Drive Maps;Application;The user 'Y:' preference item in the 'MAP_Network_Drive {93585CE6-7A8B-43B2-A7BF-ABADEC939650}' Group Policy Object did not apply because it failed with error code '0x80070035 The network path was not found.' This error was suppressed.
2026-08-16T18:55:02.263Z;B-S-W-SQL-01;warn;208;SQLSERVERAGENT;Application;SQL Server Scheduled Job 'Emergency_Cache_Warming' (0x144466B7C98DCF46A3631FFDFB46581C) - Status: Failed - Invoked on: 2026-08-16 20:45:00 - Message: The job failed. The Job was invoked by Schedule 3094 (Every_5_Min_PLE_Check). The last step to run was step 1 (Check_PLE_And_Warm2).
2026-08-16T18:25:56.916Z;B-S-W-SQL-01;warn;208;SQLSERVERAGENT;Application;SQL Server Scheduled Job 'Emergency_Cache_Warming' (0x144466B7C98DCF46A3631FFDFB46581C) - Status: Failed - Invoked on: 2026-08-16 20:20:00 - Message: The job failed. The Job was invoked by Schedule 3094 (Every_5_Min_PLE_Check). The last step to run was step 1 (Check_PLE_And_Warm2).
2026-08-16T18:15:02.616Z;B-S-W-SQL-01;warn;208;SQLSERVERAGENT;Application;SQL Server Scheduled Job 'Emergency_Cache_Warming' (0x144466B7C98DCF46A3631FFDFB46581C) - Status: Failed - Invoked on: 2026-08-16 20:05:00 - Message: The job failed. The Job was invoked by Schedule 3094 (Every_5_Min_PLE_Check). The last step to run was step 1 (Check_PLE_And_Warm2).
2026-08-16T17:45:57.316Z;B-S-W-SQL-01;warn;208;SQLSERVERAGENT;Application;SQL Server Scheduled Job 'Emergency_Cache_Warming' (0x144466B7C98DCF46A3631FFDFB46581C) - Status: Failed - Invoked on: 2026-08-16 19:40:01 - Message: The job failed. The Job was invoked by Schedule 3094 (Every_5_Min_PLE_Check). The last step to run was step 1 (Check_PLE_And_Warm2).
2026-08-16T17:35:02.140Z;B-S-W-SQL-01;warn;208;SQLSERVERAGENT;Application;SQL Server Scheduled Job 'Emergency_Cache_Warming' (0x144466B7C98DCF46A3631FFDFB46581C) - Status: Failed - Invoked on: 2026-08-16 19:25:01 - Message: The job failed. The Job was invoked by Schedule 3094 (Every_5_Min_PLE_Check). The last step to run was step 1 (Check_PLE_And_Warm2).
2026-08-16T17:29:22.156Z;B-S-W-SQL-01;warn;4098;Group Policy Drive Maps;Application;The user 'Y:' preference item in the 'MAP_Network_Drive {93585CE6-7A8B-43B2-A7BF-ABADEC939650}' Group Policy Object did not apply because it failed with error code '0x80070035 The network path was not found.' This error was suppressed.
2026-08-16T17:29:22.140Z;B-S-W-SQL-01;warn;4098;Group Policy Drive Maps;Application;The user 'I:' preference item in the 'MAP_Network_Drive {93585CE6-7A8B-43B2-A7BF-ABADEC939650}' Group Policy Object did not apply because it failed with error code '0x80070035 The network path was not found.' This error was suppressed.
2026-08-16T17:11:52.026Z;B-S-W-SQL-01;err;1511;Microsoft-Windows-User Profiles Service;Application;Windows cannot find the local profile and is logging you on with a temporary profile. Changes you make to this profile will be lost when you log off.
2026-08-16T17:05:56.766Z;B-S-W-SQL-01;warn;208;SQLSERVERAGENT;Application;SQL Server Scheduled Job 'Emergency_Cache_Warming' (0x144466B7C98DCF46A3631FFDFB46581C) - Status: Failed - Invoked on: 2026-08-16 19:00:00 - Message: The job failed. The Job was invoked by Schedule 3094 (Every_5_Min_PLE_Check). The last step to run was step 1 (Check_PLE_And_Warm2).
2026-08-16T16:55:01.536Z;B-S-W-SQL-01;warn;208;SQLSERVERAGENT;Application;SQL Server Scheduled Job 'Emergency_Cache_Warming' (0x144466B7C98DCF46A3631FFDFB46581C) - Status: Failed - Invoked on: 2026-08-16 18:45:00 - Message: The job failed. The Job was invoked by Schedule 3094 (Every_5_Min_PLE_Check). The last step to run was step 1 (Check_PLE_And_Warm2).
2026-08-16T16:41:50.403Z;B-S-W-SQL-01;err;1511;Microsoft-Windows-User Profiles Service;Application;Windows cannot find the local profile and is logging you on with a temporary profile. Changes you make to this profile will be lost when you log off.
2026-08-16T16:41:48.593Z;B-S-W-SQL-01;err;1511;Microsoft-Windows-User Profiles Service;Application;Windows cannot find the local profile and is logging you on with a temporary profile. Changes you make to this profile will be lost when you log off.
2026-08-16T16:41:46.766Z;B-S-W-SQL-01;err;1511;Microsoft-Windows-User Profiles Service;Application;Windows cannot find the local profile and is logging you on with a temporary profile. Changes you make to this profile will be lost when you log off.
2026-08-16T16:41:43.953Z;B-S-W-SQL-01;err;1511;Microsoft-Windows-User Profiles Service;Application;Windows cannot find the local profile and is logging you on with a temporary profile. Changes you make to this profile will be lost when you log off.
2026-08-16T16:41:42.186Z;B-S-W-SQL-01;err;1511;Microsoft-Windows-User Profiles Service;Application;Windows cannot find the local profile and is logging you on with a temporary profile. Changes you make to this profile will be lost when you log off.
2026-08-16T16:41:40.363Z;B-S-W-SQL-01;err;1511;Microsoft-Windows-User Profiles Service;Application;Windows cannot find the local profile and is logging you on with a temporary profile. Changes you make to this profile will be lost when you log off.
2026-08-16T16:41:38.830Z;B-S-W-SQL-01;err;1511;Microsoft-Windows-User Profiles Service;Application;Windows cannot find the local profile and is logging you on with a temporary profile. Changes you make to this profile will be lost when you log off.
2026-08-16T16:41:35.986Z;B-S-W-SQL-01;err;1511;Microsoft-Windows-User Profiles Service;Application;Windows cannot find the local profile and is logging you on with a temporary profile. Changes you make to this profile will be lost when you log off.
2026-08-16T16:41:34.196Z;B-S-W-SQL-01;err;1511;Microsoft-Windows-User Profiles Service;Application;Windows cannot find the local profile and is logging you on with a temporary profile. Changes you make to this profile will be lost when you log off.
2026-08-16T16:41:32.386Z;B-S-W-SQL-01;err;1511;Microsoft-Windows-User Profiles Service;Application;Windows cannot find the local profile and is logging you on with a temporary profile. Changes you make to this profile will be lost when you log off.
2026-08-16T16:41:30.746Z;B-S-W-SQL-01;err;1511;Microsoft-Windows-User Profiles Service;Application;Windows cannot find the local profile and is logging you on with a temporary profile. Changes you make to this profile will be lost when you log off.
2026-08-16T16:41:27.970Z;B-S-W-SQL-01;err;1511;Microsoft-Windows-User Profiles Service;Application;Windows cannot find the local profile and is logging you on with a temporary profile. Changes you make to this profile will be lost when you log off.
2026-08-16T16:41:26.196Z;B-S-W-SQL-01;err;1511;Microsoft-Windows-User Profiles Service;Application;Windows cannot find the local profile and is logging you on with a temporary profile. Changes you make to this profile will be lost when you log off.
2026-08-16T16:41:24.380Z;B-S-W-SQL-01;err;1511;Microsoft-Windows-User Profiles Service;Application;Windows cannot find the local profile and is logging you on with a temporary profile. Changes you make to this profile will be lost when you log off.
2026-08-16T16:41:22.800Z;B-S-W-SQL-01;err;1511;Microsoft-Windows-User Profiles Service;Application;Windows cannot find the local profile and is logging you on with a temporary profile. Changes you make to this profile will be lost when you log off.
2026-08-16T16:41:19.933Z;B-S-W-SQL-01;err;1511;Microsoft-Windows-User Profiles Service;Application;Windows cannot find the local profile and is logging you on with a temporary profile. Changes you make to this profile will be lost when you log off.
2026-08-16T16:41:16.193Z;B-S-W-SQL-01;err;1511;Microsoft-Windows-User Profiles Service;Application;Windows cannot find the local profile and is logging you on with a temporary profile. Changes you make to this profile will be lost when you log off.
2026-08-16T16:41:14.446Z;B-S-W-SQL-01;err;1511;Microsoft-Windows-User Profiles Service;Application;Windows cannot find the local profile and is logging you on with a temporary profile. Changes you make to this profile will be lost when you log off.
2026-08-16T16:41:12.686Z;B-S-W-SQL-01;err;1511;Microsoft-Windows-User Profiles Service;Application;Windows cannot find the local profile and is logging you on with a temporary profile. Changes you make to this profile will be lost when you log off.
2026-08-16T16:41:11.253Z;B-S-W-SQL-01;err;1511;Microsoft-Windows-User Profiles Service;Application;Windows cannot find the local profile and is logging you on with a temporary profile. Changes you make to this profile will be lost when you log off.
2026-08-16T16:41:09.620Z;B-S-W-SQL-01;err;1511;Microsoft-Windows-User Profiles Service;Application;Windows cannot find the local profile and is logging you on with a temporary profile. Changes you make to this profile will be lost when you log off.
2026-08-16T16:25:56.696Z;B-S-W-SQL-01;warn;208;SQLSERVERAGENT;Application;SQL Server Scheduled Job 'Emergency_Cache_Warming' (0x144466B7C98DCF46A3631FFDFB46581C) - Status: Failed - Invoked on: 2026-08-16 18:20:00 - Message: The job failed. The Job was invoked by Schedule 3094 (Every_5_Min_PLE_Check). The last step to run was step 1 (Check_PLE_And_Warm2).
2026-08-16T16:15:01.663Z;B-S-W-SQL-01;warn;208;SQLSERVERAGENT;Application;SQL Server Scheduled Job 'Emergency_Cache_Warming' (0x144466B7C98DCF46A3631FFDFB46581C) - Status: Failed - Invoked on: 2026-08-16 18:05:00 - Message: The job failed. The Job was invoked by Schedule 3094 (Every_5_Min_PLE_Check). The last step to run was step 1 (Check_PLE_And_Warm2).
2026-08-16T15:45:56.183Z;B-S-W-SQL-01;warn;208;SQLSERVERAGENT;Application;SQL Server Scheduled Job 'Emergency_Cache_Warming' (0x144466B7C98DCF46A3631FFDFB46581C) - Status: Failed - Invoked on: 2026-08-16 17:40:00 - Message: The job failed. The Job was invoked by Schedule 3094 (Every_5_Min_PLE_Check). The last step to run was step 1 (Check_PLE_And_Warm2).
2026-08-16T15:43:20.926Z;B-S-W-SQL-01;warn;4098;Group Policy Drive Maps;Application;The user 'Y:' preference item in the 'MAP_Network_Drive {93585CE6-7A8B-43B2-A7BF-ABADEC939650}' Group Policy Object did not apply because it failed with error code '0x80070035 The network path was not found.' This error was suppressed.
2026-08-16T15:43:20.910Z;B-S-W-SQL-01;warn;4098;Group Policy Drive Maps;Application;The user 'I:' preference item in the 'MAP_Network_Drive {93585CE6-7A8B-43B2-A7BF-ABADEC939650}' Group Policy Object did not apply because it failed with error code '0x80070035 The network path was not found.' This error was suppressed.
2026-08-16T15:40:46.923Z;B-S-W-SQL-01;err;1803;Microsoft-Windows-TPM-WMI;System;"A PK-signed Key Exchange Key (KEK) cannot be found for this device. Check with the device manufacturer for proper key provisioning. This device signature information is included here. DeviceAttributes: BaseBoardManufacturer:Intel Corporation;FirmwareManufacturer:VMware, Inc.;FirmwareVersion:VMW71.00V.16707776.B64.2008070230;OEMModelNumber:VMware7,1;OEMModelBaseBoard:440BX Desktop Reference Platform;OEMModelSystemFamily:;OEMManufacturerName:VMware, Inc.;OEMModelSKU:;OSArchitecture:amd64; BucketId: c42abddf3a3802ff518f24f8dec0f7e2a2b3605404ff0d50864da0a9d2650503 BucketConfidenceLevel: High Confidence. For more information, please see https://go.microsoft.com/fwlink/?linkid=2339472"
2026-08-16T15:35:02.263Z;B-S-W-SQL-01;warn;208;SQLSERVERAGENT;Application;SQL Server Scheduled Job 'Emergency_Cache_Warming' (0x144466B7C98DCF46A3631FFDFB46581C) - Status: Failed - Invoked on: 2026-08-16 17:25:00 - Message: The job failed. The Job was invoked by Schedule 3094 (Every_5_Min_PLE_Check). The last step to run was step 1 (Check_PLE_And_Warm2).
2026-08-16T15:05:55.836Z;B-S-W-SQL-01;warn;208;SQLSERVERAGENT;Application;SQL Server Scheduled Job 'Emergency_Cache_Warming' (0x144466B7C98DCF46A3631FFDFB46581C) - Status: Failed - Invoked on: 2026-08-16 17:00:00 - Message: The job failed. The Job was invoked by Schedule 3094 (Every_5_Min_PLE_Check). The last step to run was step 1 (Check_PLE_And_Warm2).
2026-08-16T14:55:01.466Z;B-S-W-SQL-01;warn;208;SQLSERVERAGENT;Application;SQL Server Scheduled Job 'Emergency_Cache_Warming' (0x144466B7C98DCF46A3631FFDFB46581C) - Status: Failed - Invoked on: 2026-08-16 16:45:00 - Message: The job failed. The Job was invoked by Schedule 3094 (Every_5_Min_PLE_Check). The last step to run was step 1 (Check_PLE_And_Warm2).
2026-08-16T14:25:56.936Z;B-S-W-SQL-01;warn;208;SQLSERVERAGENT;Application;SQL Server Scheduled Job 'Emergency_Cache_Warming' (0x144466B7C98DCF46A3631FFDFB46581C) - Status: Failed - Invoked on: 2026-08-16 16:20:00 - Message: The job failed. The Job was invoked by Schedule 3094 (Every_5_Min_PLE_Check). The last step to run was step 1 (Check_PLE_And_Warm2).
2026-08-16T14:15:02.000Z;B-S-W-SQL-01;warn;208;SQLSERVERAGENT;Application;SQL Server Scheduled Job 'Emergency_Cache_Warming' (0x144466B7C98DCF46A3631FFDFB46581C) - Status: Failed - Invoked on: 2026-08-16 16:05:00 - Message: The job failed. The Job was invoked by Schedule 3094 (Every_5_Min_PLE_Check). The last step to run was step 1 (Check_PLE_And_Warm2).
2026-08-16T14:08:19.803Z;B-S-W-SQL-01;warn;4098;Group Policy Drive Maps;Application;The user 'Y:' preference item in the 'MAP_Network_Drive {93585CE6-7A8B-43B2-A7BF-ABADEC939650}' Group Policy Object did not apply because it failed with error code '0x80070035 The network path was not found.' This error was suppressed.
2026-08-16T13:45:56.833Z;B-S-W-SQL-01;warn;208;SQLSERVERAGENT;Application;SQL Server Scheduled Job 'Emergency_Cache_Warming' (0x144466B7C98DCF46A3631FFDFB46581C) - Status: Failed - Invoked on: 2026-08-16 15:40:00 - Message: The job failed. The Job was invoked by Schedule 3094 (Every_5_Min_PLE_Check). The last step to run was step 1 (Check_PLE_And_Warm2).
2026-08-16T13:35:01.626Z;B-S-W-SQL-01;warn;208;SQLSERVERAGENT;Application;SQL Server Scheduled Job 'Emergency_Cache_Warming' (0x144466B7C98DCF46A3631FFDFB46581C) - Status: Failed - Invoked on: 2026-08-16 15:25:00 - Message: The job failed. The Job was invoked by Schedule 3094 (Every_5_Min_PLE_Check). The last step to run was step 1 (Check_PLE_And_Warm2).
2026-08-16T13:05:56.540Z;B-S-W-SQL-01;warn;208;SQLSERVERAGENT;Application;SQL Server Scheduled Job 'Emergency_Cache_Warming' (0x144466B7C98DCF46A3631FFDFB46581C) - Status: Failed - Invoked on: 2026-08-16 15:00:00 - Message: The job failed. The Job was invoked by Schedule 3094 (Every_5_Min_PLE_Check). The last step to run was step 1 (Check_PLE_And_Warm2).
2026-08-16T12:55:02.096Z;B-S-W-SQL-01;warn;208;SQLSERVERAGENT;Application;SQL Server Scheduled Job 'Emergency_Cache_Warming' (0x144466B7C98DCF46A3631FFDFB46581C) - Status: Failed - Invoked on: 2026-08-16 14:45:00 - Message: The job failed. The Job was invoked by Schedule 3094 (Every_5_Min_PLE_Check). The last step to run was step 1 (Check_PLE_And_Warm2).
2026-08-16T12:37:18.476Z;B-S-W-SQL-01;warn;4098;Group Policy Drive Maps;Application;The user 'Y:' preference item in the 'MAP_Network_Drive {93585CE6-7A8B-43B2-A7BF-ABADEC939650}' Group Policy Object did not apply because it failed with error code '0x80070035 The network path was not found.' This error was suppressed.
2026-08-16T12:37:18.460Z;B-S-W-SQL-01;warn;4098;Group Policy Drive Maps;Application;The user 'I:' preference item in the 'MAP_Network_Drive {93585CE6-7A8B-43B2-A7BF-ABADEC939650}' Group Policy Object did not apply because it failed with error code '0x80070035 The network path was not found.' This error was suppressed.
2026-08-16T12:25:56.776Z;B-S-W-SQL-01;warn;208;SQLSERVERAGENT;Application;SQL Server Scheduled Job 'Emergency_Cache_Warming' (0x144466B7C98DCF46A3631FFDFB46581C) - Status: Failed - Invoked on: 2026-08-16 14:20:00 - Message: The job failed. The Job was invoked by Schedule 3094 (Every_5_Min_PLE_Check). The last step to run was step 1 (Check_PLE_And_Warm2).
2026-08-16T12:15:01.343Z;B-S-W-SQL-01;warn;208;SQLSERVERAGENT;Application;SQL Server Scheduled Job 'Emergency_Cache_Warming' (0x144466B7C98DCF46A3631FFDFB46581C) - Status: Failed - Invoked on: 2026-08-16 14:05:00 - Message: The job failed. The Job was invoked by Schedule 3094 (Every_5_Min_PLE_Check). The last step to run was step 1 (Check_PLE_And_Warm2).
2026-08-16T11:45:56.420Z;B-S-W-SQL-01;warn;208;SQLSERVERAGENT;Application;SQL Server Scheduled Job 'Emergency_Cache_Warming' (0x144466B7C98DCF46A3631FFDFB46581C) - Status: Failed - Invoked on: 2026-08-16 13:40:00 - Message: The job failed. The Job was invoked by Schedule 3094 (Every_5_Min_PLE_Check). The last step to run was step 1 (Check_PLE_And_Warm2).
2026-08-16T11:35:01.860Z;B-S-W-SQL-01;warn;208;SQLSERVERAGENT;Application;SQL Server Scheduled Job 'Emergency_Cache_Warming' (0x144466B7C98DCF46A3631FFDFB46581C) - Status: Failed - Invoked on: 2026-08-16 13:25:00 - Message: The job failed. The Job was invoked by Schedule 3094 (Every_5_Min_PLE_Check). The last step to run was step 1 (Check_PLE_And_Warm2).
2026-08-16T11:05:56.083Z;B-S-W-SQL-01;warn;208;SQLSERVERAGENT;Application;SQL Server Scheduled Job 'Emergency_Cache_Warming' (0x144466B7C98DCF46A3631FFDFB46581C) - Status: Failed - Invoked on: 2026-08-16 13:00:00 - Message: The job failed. The Job was invoked by Schedule 3094 (Every_5_Min_PLE_Check). The last step to run was step 1 (Check_PLE_And_Warm2).
2026-08-16T10:55:01.730Z;B-S-W-SQL-01;warn;208;SQLSERVERAGENT;Application;SQL Server Scheduled Job 'Emergency_Cache_Warming' (0x144466B7C98DCF46A3631FFDFB46581C) - Status: Failed - Invoked on: 2026-08-16 12:45:00 - Message: The job failed. The Job was invoked by Schedule 3094 (Every_5_Min_PLE_Check). The last step to run was step 1 (Check_PLE_And_Warm2).
2026-08-16T10:41:17.170Z;B-S-W-SQL-01;warn;4098;Group Policy Drive Maps;Application;The user 'Y:' preference item in the 'MAP_Network_Drive {93585CE6-7A8B-43B2-A7BF-ABADEC939650}' Group Policy Object did not apply because it failed with error code '0x80070035 The network path was not found.' This error was suppressed.
2026-08-16T10:25:56.180Z;B-S-W-SQL-01;warn;208;SQLSERVERAGENT;Application;SQL Server Scheduled Job 'Emergency_Cache_Warming' (0x144466B7C98DCF46A3631FFDFB46581C) - Status: Failed - Invoked on: 2026-08-16 12:20:00 - Message: The job failed. The Job was invoked by Schedule 3094 (Every_5_Min_PLE_Check). The last step to run was step 1 (Check_PLE_And_Warm2).
2026-08-16T10:15:02.006Z;B-S-W-SQL-01;warn;208;SQLSERVERAGENT;Application;SQL Server Scheduled Job 'Emergency_Cache_Warming' (0x144466B7C98DCF46A3631FFDFB46581C) - Status: Failed - Invoked on: 2026-08-16 12:05:00 - Message: The job failed. The Job was invoked by Schedule 3094 (Every_5_Min_PLE_Check). The last step to run was step 1 (Check_PLE_And_Warm2).
2026-08-16T09:45:56.003Z;B-S-W-SQL-01;warn;208;SQLSERVERAGENT;Application;SQL Server Scheduled Job 'Emergency_Cache_Warming' (0x144466B7C98DCF46A3631FFDFB46581C) - Status: Failed - Invoked on: 2026-08-16 11:40:00 - Message: The job failed. The Job was invoked by Schedule 3094 (Every_5_Min_PLE_Check). The last step to run was step 1 (Check_PLE_And_Warm2).
2026-08-16T09:35:02.026Z;B-S-W-SQL-01;warn;208;SQLSERVERAGENT;Application;SQL Server Scheduled Job 'Emergency_Cache_Warming' (0x144466B7C98DCF46A3631FFDFB46581C) - Status: Failed - Invoked on: 2026-08-16 11:25:00 - Message: The job failed. The Job was invoked by Schedule 3094 (Every_5_Min_PLE_Check). The last step to run was step 1 (Check_PLE_And_Warm2).
2026-08-16T09:05:56.456Z;B-S-W-SQL-01;warn;208;SQLSERVERAGENT;Application;SQL Server Scheduled Job 'Emergency_Cache_Warming' (0x144466B7C98DCF46A3631FFDFB46581C) - Status: Failed - Invoked on: 2026-08-16 11:00:00 - Message: The job failed. The Job was invoked by Schedule 3094 (Every_5_Min_PLE_Check). The last step to run was step 1 (Check_PLE_And_Warm2).
2026-08-16T08:55:01.806Z;B-S-W-SQL-01;warn;208;SQLSERVERAGENT;Application;SQL Server Scheduled Job 'Emergency_Cache_Warming' (0x144466B7C98DCF46A3631FFDFB46581C) - Status: Failed - Invoked on: 2026-08-16 10:45:00 - Message: The job failed. The Job was invoked by Schedule 3094 (Every_5_Min_PLE_Check). The last step to run was step 1 (Check_PLE_And_Warm2).
2026-08-16T08:46:15.936Z;B-S-W-SQL-01;warn;4098;Group Policy Drive Maps;Application;The user 'Y:' preference item in the 'MAP_Network_Drive {93585CE6-7A8B-43B2-A7BF-ABADEC939650}' Group Policy Object did not apply because it failed with error code '0x80070035 The network path was not found.' This error was suppressed.
2026-08-16T08:46:15.906Z;B-S-W-SQL-01;warn;4098;Group Policy Drive Maps;Application;The user 'I:' preference item in the 'MAP_Network_Drive {93585CE6-7A8B-43B2-A7BF-ABADEC939650}' Group Policy Object did not apply because it failed with error code '0x80070035 The network path was not found.' This error was suppressed.
2026-08-16T08:25:56.286Z;B-S-W-SQL-01;warn;208;SQLSERVERAGENT;Application;SQL Server Scheduled Job 'Emergency_Cache_Warming' (0x144466B7C98DCF46A3631FFDFB46581C) - Status: Failed - Invoked on: 2026-08-16 10:20:00 - Message: The job failed. The Job was invoked by Schedule 3094 (Every_5_Min_PLE_Check). The last step to run was step 1 (Check_PLE_And_Warm2).
2026-08-16T08:15:02.270Z;B-S-W-SQL-01;warn;208;SQLSERVERAGENT;Application;SQL Server Scheduled Job 'Emergency_Cache_Warming' (0x144466B7C98DCF46A3631FFDFB46581C) - Status: Failed - Invoked on: 2026-08-16 10:05:00 - Message: The job failed. The Job was invoked by Schedule 3094 (Every_5_Min_PLE_Check). The last step to run was step 1 (Check_PLE_And_Warm2).
2026-08-16T07:45:56.766Z;B-S-W-SQL-01;warn;208;SQLSERVERAGENT;Application;SQL Server Scheduled Job 'Emergency_Cache_Warming' (0x144466B7C98DCF46A3631FFDFB46581C) - Status: Failed - Invoked on: 2026-08-16 09:40:00 - Message: The job failed. The Job was invoked by Schedule 3094 (Every_5_Min_PLE_Check). The last step to run was step 1 (Check_PLE_And_Warm2).
2026-08-16T07:35:01.553Z;B-S-W-SQL-01;warn;208;SQLSERVERAGENT;Application;SQL Server Scheduled Job 'Emergency_Cache_Warming' (0x144466B7C98DCF46A3631FFDFB46581C) - Status: Failed - Invoked on: 2026-08-16 09:25:00 - Message: The job failed. The Job was invoked by Schedule 3094 (Every_5_Min_PLE_Check). The last step to run was step 1 (Check_PLE_And_Warm2).
2026-08-16T07:05:51.443Z;B-S-W-SQL-01;warn;208;SQLSERVERAGENT;Application;SQL Server Scheduled Job 'Emergency_Cache_Warming' (0x144466B7C98DCF46A3631FFDFB46581C) - Status: Failed - Invoked on: 2026-08-16 09:00:00 - Message: The job failed. The Job was invoked by Schedule 3094 (Every_5_Min_PLE_Check). The last step to run was step 1 (Check_PLE_And_Warm2).
2026-08-16T06:55:01.266Z;B-S-W-SQL-01;warn;208;SQLSERVERAGENT;Application;SQL Server Scheduled Job 'Emergency_Cache_Warming' (0x144466B7C98DCF46A3631FFDFB46581C) - Status: Failed - Invoked on: 2026-08-16 08:45:00 - Message: The job failed. The Job was invoked by Schedule 3094 (Every_5_Min_PLE_Check). The last step to run was step 1 (Check_PLE_And_Warm2).
2026-08-16T06:52:14.700Z;B-S-W-SQL-01;warn;4098;Group Policy Drive Maps;Application;The user 'Y:' preference item in the 'MAP_Network_Drive {93585CE6-7A8B-43B2-A7BF-ABADEC939650}' Group Policy Object did not apply because it failed with error code '0x80070035 The network path was not found.' This error was suppressed.
2026-08-16T06:52:14.686Z;B-S-W-SQL-01;warn;4098;Group Policy Drive Maps;Application;The user 'I:' preference item in the 'MAP_Network_Drive {93585CE6-7A8B-43B2-A7BF-ABADEC939650}' Group Policy Object did not apply because it failed with error code '0x80070035 The network path was not found.' This error was suppressed.
2026-08-16T06:25:56.236Z;B-S-W-SQL-01;warn;208;SQLSERVERAGENT;Application;SQL Server Scheduled Job 'Emergency_Cache_Warming' (0x144466B7C98DCF46A3631FFDFB46581C) - Status: Failed - Invoked on: 2026-08-16 08:20:00 - Message: The job failed. The Job was invoked by Schedule 3094 (Every_5_Min_PLE_Check). The last step to run was step 1 (Check_PLE_And_Warm2).
2026-08-16T06:15:02.283Z;B-S-W-SQL-01;warn;208;SQLSERVERAGENT;Application;SQL Server Scheduled Job 'Emergency_Cache_Warming' (0x144466B7C98DCF46A3631FFDFB46581C) - Status: Failed - Invoked on: 2026-08-16 08:05:00 - Message: The job failed. The Job was invoked by Schedule 3094 (Every_5_Min_PLE_Check). The last step to run was step 1 (Check_PLE_And_Warm2).
2026-08-16T05:45:56.640Z;B-S-W-SQL-01;warn;208;SQLSERVERAGENT;Application;SQL Server Scheduled Job 'Emergency_Cache_Warming' (0x144466B7C98DCF46A3631FFDFB46581C) - Status: Failed - Invoked on: 2026-08-16 07:40:00 - Message: The job failed. The Job was invoked by Schedule 3094 (Every_5_Min_PLE_Check). The last step to run was step 1 (Check_PLE_And_Warm2).
2026-08-16T05:35:02.076Z;B-S-W-SQL-01;warn;208;SQLSERVERAGENT;Application;SQL Server Scheduled Job 'Emergency_Cache_Warming' (0x144466B7C98DCF46A3631FFDFB46581C) - Status: Failed - Invoked on: 2026-08-16 07:25:00 - Message: The job failed. The Job was invoked by Schedule 3094 (Every_5_Min_PLE_Check). The last step to run was step 1 (Check_PLE_And_Warm2).
2026-08-16T05:13:13.506Z;B-S-W-SQL-01;warn;4098;Group Policy Drive Maps;Application;The user 'Y:' preference item in the 'MAP_Network_Drive {93585CE6-7A8B-43B2-A7BF-ABADEC939650}' Group Policy Object did not apply because it failed with error code '0x80070035 The network path was not found.' This error was suppressed.
2026-08-16T05:05:56.450Z;B-S-W-SQL-01;warn;208;SQLSERVERAGENT;Application;SQL Server Scheduled Job 'Emergency_Cache_Warming' (0x144466B7C98DCF46A3631FFDFB46581C) - Status: Failed - Invoked on: 2026-08-16 07:00:00 - Message: The job failed. The Job was invoked by Schedule 3094 (Every_5_Min_PLE_Check). The last step to run was step 1 (Check_PLE_And_Warm2).
2026-08-16T04:55:02.356Z;B-S-W-SQL-01;warn;208;SQLSERVERAGENT;Application;SQL Server Scheduled Job 'Emergency_Cache_Warming' (0x144466B7C98DCF46A3631FFDFB46581C) - Status: Failed - Invoked on: 2026-08-16 06:45:00 - Message: The job failed. The Job was invoked by Schedule 3094 (Every_5_Min_PLE_Check). The last step to run was step 1 (Check_PLE_And_Warm2).
2026-08-16T04:38:00.463Z;B-S-W-SQL-01;warn;208;SQLSERVERAGENT;Application;SQL Server Scheduled Job 'Axi_Navilog_a_jine_Jardoviny' (0xD4752DB20260CB4EA69A8FC1C2D7A709) - Status: Failed - Invoked on: 2026-08-15 20:01:00 - Message: The job failed. The Job was invoked by Schedule 30 (Axi). The last step to run was step 7 (1M_clear).
2026-08-16T04:25:56.676Z;B-S-W-SQL-01;warn;208;SQLSERVERAGENT;Application;SQL Server Scheduled Job 'Emergency_Cache_Warming' (0x144466B7C98DCF46A3631FFDFB46581C) - Status: Failed - Invoked on: 2026-08-16 06:20:00 - Message: The job failed. The Job was invoked by Schedule 3094 (Every_5_Min_PLE_Check). The last step to run was step 1 (Check_PLE_And_Warm2).
2026-08-16T04:23:03.236Z;B-S-W-SQL-01;err;9002;MSSQLSERVER;Application;The transaction log for database 'Axi' is full due to 'ACTIVE_TRANSACTION'.
2026-08-16T04:15:01.466Z;B-S-W-SQL-01;warn;208;SQLSERVERAGENT;Application;SQL Server Scheduled Job 'Emergency_Cache_Warming' (0x144466B7C98DCF46A3631FFDFB46581C) - Status: Failed - Invoked on: 2026-08-16 06:05:00 - Message: The job failed. The Job was invoked by Schedule 3094 (Every_5_Min_PLE_Check). The last step to run was step 1 (Check_PLE_And_Warm2).
2026-08-16T03:45:56.466Z;B-S-W-SQL-01;warn;208;SQLSERVERAGENT;Application;SQL Server Scheduled Job 'Emergency_Cache_Warming' (0x144466B7C98DCF46A3631FFDFB46581C) - Status: Failed - Invoked on: 2026-08-16 05:40:00 - Message: The job failed. The Job was invoked by Schedule 3094 (Every_5_Min_PLE_Check). The last step to run was step 1 (Check_PLE_And_Warm2).
2026-08-16T03:40:46.976Z;B-S-W-SQL-01;err;1803;Microsoft-Windows-TPM-WMI;System;"A PK-signed Key Exchange Key (KEK) cannot be found for this device. Check with the device manufacturer for proper key provisioning. This device signature information is included here. DeviceAttributes: BaseBoardManufacturer:Intel Corporation;FirmwareManufacturer:VMware, Inc.;FirmwareVersion:VMW71.00V.16707776.B64.2008070230;OEMModelNumber:VMware7,1;OEMModelBaseBoard:440BX Desktop Reference Platform;OEMModelSystemFamily:;OEMManufacturerName:VMware, Inc.;OEMModelSKU:;OSArchitecture:amd64; BucketId: c42abddf3a3802ff518f24f8dec0f7e2a2b3605404ff0d50864da0a9d2650503 BucketConfidenceLevel: High Confidence. For more information, please see https://go.microsoft.com/fwlink/?linkid=2339472"
2026-08-16T03:35:02.493Z;B-S-W-SQL-01;warn;208;SQLSERVERAGENT;Application;SQL Server Scheduled Job 'Emergency_Cache_Warming' (0x144466B7C98DCF46A3631FFDFB46581C) - Status: Failed - Invoked on: 2026-08-16 05:25:00 - Message: The job failed. The Job was invoked by Schedule 3094 (Every_5_Min_PLE_Check). The last step to run was step 1 (Check_PLE_And_Warm2).
2026-08-16T03:19:12.316Z;B-S-W-SQL-01;warn;4098;Group Policy Drive Maps;Application;The user 'Y:' preference item in the 'MAP_Network_Drive {93585CE6-7A8B-43B2-A7BF-ABADEC939650}' Group Policy Object did not apply because it failed with error code '0x80070035 The network path was not found.' This error was suppressed.
2026-08-16T03:19:12.300Z;B-S-W-SQL-01;warn;4098;Group Policy Drive Maps;Application;The user 'I:' preference item in the 'MAP_Network_Drive {93585CE6-7A8B-43B2-A7BF-ABADEC939650}' Group Policy Object did not apply because it failed with error code '0x80070035 The network path was not found.' This error was suppressed.
2026-08-16T03:05:56.033Z;B-S-W-SQL-01;warn;208;SQLSERVERAGENT;Application;SQL Server Scheduled Job 'Emergency_Cache_Warming' (0x144466B7C98DCF46A3631FFDFB46581C) - Status: Failed - Invoked on: 2026-08-16 05:00:00 - Message: The job failed. The Job was invoked by Schedule 3094 (Every_5_Min_PLE_Check). The last step to run was step 1 (Check_PLE_And_Warm2).
2026-08-16T02:55:00.916Z;B-S-W-SQL-01;warn;208;SQLSERVERAGENT;Application;SQL Server Scheduled Job 'Emergency_Cache_Warming' (0x144466B7C98DCF46A3631FFDFB46581C) - Status: Failed - Invoked on: 2026-08-16 04:45:00 - Message: The job failed. The Job was invoked by Schedule 3094 (Every_5_Min_PLE_Check). The last step to run was step 1 (Check_PLE_And_Warm2).
2026-08-16T02:26:01.433Z;B-S-W-SQL-01;warn;208;SQLSERVERAGENT;Application;SQL Server Scheduled Job 'Emergency_Cache_Warming' (0x144466B7C98DCF46A3631FFDFB46581C) - Status: Failed - Invoked on: 2026-08-16 04:20:00 - Message: The job failed. The Job was invoked by Schedule 3094 (Every_5_Min_PLE_Check). The last step to run was step 1 (Check_PLE_And_Warm2).
2026-08-16T02:15:01.466Z;B-S-W-SQL-01;warn;208;SQLSERVERAGENT;Application;SQL Server Scheduled Job 'Emergency_Cache_Warming' (0x144466B7C98DCF46A3631FFDFB46581C) - Status: Failed - Invoked on: 2026-08-16 04:05:00 - Message: The job failed. The Job was invoked by Schedule 3094 (Every_5_Min_PLE_Check). The last step to run was step 1 (Check_PLE_And_Warm2).
2026-08-16T01:46:01.670Z;B-S-W-SQL-01;warn;208;SQLSERVERAGENT;Application;SQL Server Scheduled Job 'Emergency_Cache_Warming' (0x144466B7C98DCF46A3631FFDFB46581C) - Status: Failed - Invoked on: 2026-08-16 03:40:00 - Message: The job failed. The Job was invoked by Schedule 3094 (Every_5_Min_PLE_Check). The last step to run was step 1 (Check_PLE_And_Warm2).
2026-08-16T01:35:11.216Z;B-S-W-SQL-01;warn;4098;Group Policy Drive Maps;Application;The user 'Y:' preference item in the 'MAP_Network_Drive {93585CE6-7A8B-43B2-A7BF-ABADEC939650}' Group Policy Object did not apply because it failed with error code '0x80070035 The network path was not found.' This error was suppressed.
2026-08-16T01:35:11.203Z;B-S-W-SQL-01;warn;4098;Group Policy Drive Maps;Application;The user 'I:' preference item in the 'MAP_Network_Drive {93585CE6-7A8B-43B2-A7BF-ABADEC939650}' Group Policy Object did not apply because it failed with error code '0x80070035 The network path was not found.' This error was suppressed.
2026-08-16T01:35:01.883Z;B-S-W-SQL-01;warn;208;SQLSERVERAGENT;Application;SQL Server Scheduled Job 'Emergency_Cache_Warming' (0x144466B7C98DCF46A3631FFDFB46581C) - Status: Failed - Invoked on: 2026-08-16 03:25:00 - Message: The job failed. The Job was invoked by Schedule 3094 (Every_5_Min_PLE_Check). The last step to run was step 1 (Check_PLE_And_Warm2).
2026-08-16T01:06:26.536Z;B-S-W-SQL-01;warn;208;SQLSERVERAGENT;Application;SQL Server Scheduled Job 'Emergency_Cache_Warming' (0x144466B7C98DCF46A3631FFDFB46581C) - Status: Failed - Invoked on: 2026-08-16 03:00:00 - Message: The job failed. The Job was invoked by Schedule 3094 (Every_5_Min_PLE_Check). The last step to run was step 1 (Check_PLE_And_Warm2).
2026-08-16T00:55:01.933Z;B-S-W-SQL-01;warn;208;SQLSERVERAGENT;Application;SQL Server Scheduled Job 'Emergency_Cache_Warming' (0x144466B7C98DCF46A3631FFDFB46581C) - Status: Failed - Invoked on: 2026-08-16 02:45:00 - Message: The job failed. The Job was invoked by Schedule 3094 (Every_5_Min_PLE_Check). The last step to run was step 1 (Check_PLE_And_Warm2).
2026-08-16T00:26:21.573Z;B-S-W-SQL-01;warn;208;SQLSERVERAGENT;Application;SQL Server Scheduled Job 'Emergency_Cache_Warming' (0x144466B7C98DCF46A3631FFDFB46581C) - Status: Failed - Invoked on: 2026-08-16 02:20:00 - Message: The job failed. The Job was invoked by Schedule 3094 (Every_5_Min_PLE_Check). The last step to run was step 1 (Check_PLE_And_Warm2).
2026-08-16T00:15:02.433Z;B-S-W-SQL-01;warn;208;SQLSERVERAGENT;Application;SQL Server Scheduled Job 'Emergency_Cache_Warming' (0x144466B7C98DCF46A3631FFDFB46581C) - Status: Failed - Invoked on: 2026-08-16 02:05:00 - Message: The job failed. The Job was invoked by Schedule 3094 (Every_5_Min_PLE_Check). The last step to run was step 1 (Check_PLE_And_Warm2).
2026-08-15T23:46:46.763Z;B-S-W-SQL-01;warn;208;SQLSERVERAGENT;Application;SQL Server Scheduled Job 'Emergency_Cache_Warming' (0x144466B7C98DCF46A3631FFDFB46581C) - Status: Failed - Invoked on: 2026-08-16 01:40:00 - Message: The job failed. The Job was invoked by Schedule 3094 (Every_5_Min_PLE_Check). The last step to run was step 1 (Check_PLE_And_Warm2).
2026-08-15T23:40:09.923Z;B-S-W-SQL-01;warn;4098;Group Policy Drive Maps;Application;The user 'Y:' preference item in the 'MAP_Network_Drive {93585CE6-7A8B-43B2-A7BF-ABADEC939650}' Group Policy Object did not apply because it failed with error code '0x80070035 The network path was not found.' This error was suppressed.
2026-08-15T23:35:01.683Z;B-S-W-SQL-01;warn;208;SQLSERVERAGENT;Application;SQL Server Scheduled Job 'Emergency_Cache_Warming' (0x144466B7C98DCF46A3631FFDFB46581C) - Status: Failed - Invoked on: 2026-08-16 01:25:00 - Message: The job failed. The Job was invoked by Schedule 3094 (Every_5_Min_PLE_Check). The last step to run was step 1 (Check_PLE_And_Warm2).
2026-08-15T23:06:01.556Z;B-S-W-SQL-01;warn;208;SQLSERVERAGENT;Application;SQL Server Scheduled Job 'Emergency_Cache_Warming' (0x144466B7C98DCF46A3631FFDFB46581C) - Status: Failed - Invoked on: 2026-08-16 01:00:00 - Message: The job failed. The Job was invoked by Schedule 3094 (Every_5_Min_PLE_Check). The last step to run was step 1 (Check_PLE_And_Warm2).
2026-08-15T22:55:01.946Z;B-S-W-SQL-01;warn;208;SQLSERVERAGENT;Application;SQL Server Scheduled Job 'Emergency_Cache_Warming' (0x144466B7C98DCF46A3631FFDFB46581C) - Status: Failed - Invoked on: 2026-08-16 00:45:00 - Message: The job failed. The Job was invoked by Schedule 3094 (Every_5_Min_PLE_Check). The last step to run was step 1 (Check_PLE_And_Warm2).
2026-08-15T22:25:56.656Z;B-S-W-SQL-01;warn;208;SQLSERVERAGENT;Application;SQL Server Scheduled Job 'Emergency_Cache_Warming' (0x144466B7C98DCF46A3631FFDFB46581C) - Status: Failed - Invoked on: 2026-08-16 00:20:00 - Message: The job failed. The Job was invoked by Schedule 3094 (Every_5_Min_PLE_Check). The last step to run was step 1 (Check_PLE_And_Warm2).
2026-08-15T22:15:02.106Z;B-S-W-SQL-01;warn;208;SQLSERVERAGENT;Application;SQL Server Scheduled Job 'Emergency_Cache_Warming' (0x144466B7C98DCF46A3631FFDFB46581C) - Status: Failed - Invoked on: 2026-08-16 00:05:00 - Message: The job failed. The Job was invoked by Schedule 3094 (Every_5_Min_PLE_Check). The last step to run was step 1 (Check_PLE_And_Warm2).
2026-08-15T21:51:08.936Z;B-S-W-SQL-01;warn;4098;Group Policy Drive Maps;Application;The user 'Y:' preference item in the 'MAP_Network_Drive {93585CE6-7A8B-43B2-A7BF-ABADEC939650}' Group Policy Object did not apply because it failed with error code '0x80070035 The network path was not found.' This error was suppressed.
2026-08-15T21:51:08.920Z;B-S-W-SQL-01;warn;4098;Group Policy Drive Maps;Application;The user 'I:' preference item in the 'MAP_Network_Drive {93585CE6-7A8B-43B2-A7BF-ABADEC939650}' Group Policy Object did not apply because it failed with error code '0x80070035 The network path was not found.' This error was suppressed.
2026-08-15T21:45:56.086Z;B-S-W-SQL-01;warn;208;SQLSERVERAGENT;Application;SQL Server Scheduled Job 'Emergency_Cache_Warming' (0x144466B7C98DCF46A3631FFDFB46581C) - Status: Failed - Invoked on: 2026-08-15 23:40:00 - Message: The job failed. The Job was invoked by Schedule 3094 (Every_5_Min_PLE_Check). The last step to run was step 1 (Check_PLE_And_Warm2).
2026-08-15T21:35:02.206Z;B-S-W-SQL-01;warn;208;SQLSERVERAGENT;Application;SQL Server Scheduled Job 'Emergency_Cache_Warming' (0x144466B7C98DCF46A3631FFDFB46581C) - Status: Failed - Invoked on: 2026-08-15 23:25:00 - Message: The job failed. The Job was invoked by Schedule 3094 (Every_5_Min_PLE_Check). The last step to run was step 1 (Check_PLE_And_Warm2).
2026-08-15T21:05:56.726Z;B-S-W-SQL-01;warn;208;SQLSERVERAGENT;Application;SQL Server Scheduled Job 'Emergency_Cache_Warming' (0x144466B7C98DCF46A3631FFDFB46581C) - Status: Failed - Invoked on: 2026-08-15 23:00:00 - Message: The job failed. The Job was invoked by Schedule 3094 (Every_5_Min_PLE_Check). The last step to run was step 1 (Check_PLE_And_Warm2).
2026-08-15T20:55:02.226Z;B-S-W-SQL-01;warn;208;SQLSERVERAGENT;Application;SQL Server Scheduled Job 'Emergency_Cache_Warming' (0x144466B7C98DCF46A3631FFDFB46581C) - Status: Failed - Invoked on: 2026-08-15 22:45:00 - Message: The job failed. The Job was invoked by Schedule 3094 (Every_5_Min_PLE_Check). The last step to run was step 1 (Check_PLE_And_Warm2).
2026-08-15T20:25:56.850Z;B-S-W-SQL-01;warn;208;SQLSERVERAGENT;Application;SQL Server Scheduled Job 'Emergency_Cache_Warming' (0x144466B7C98DCF46A3631FFDFB46581C) - Status: Failed - Invoked on: 2026-08-15 22:20:00 - Message: The job failed. The Job was invoked by Schedule 3094 (Every_5_Min_PLE_Check). The last step to run was step 1 (Check_PLE_And_Warm2).
2026-08-15T20:15:00.903Z;B-S-W-SQL-01;warn;208;SQLSERVERAGENT;Application;SQL Server Scheduled Job 'Emergency_Cache_Warming' (0x144466B7C98DCF46A3631FFDFB46581C) - Status: Failed - Invoked on: 2026-08-15 22:05:00 - Message: The job failed. The Job was invoked by Schedule 3094 (Every_5_Min_PLE_Check). The last step to run was step 1 (Check_PLE_And_Warm2).
2026-08-15T19:56:07.840Z;B-S-W-SQL-01;warn;4098;Group Policy Drive Maps;Application;The user 'Y:' preference item in the 'MAP_Network_Drive {93585CE6-7A8B-43B2-A7BF-ABADEC939650}' Group Policy Object did not apply because it failed with error code '0x80070035 The network path was not found.' This error was suppressed.
2026-08-15T19:45:56.516Z;B-S-W-SQL-01;warn;208;SQLSERVERAGENT;Application;SQL Server Scheduled Job 'Emergency_Cache_Warming' (0x144466B7C98DCF46A3631FFDFB46581C) - Status: Failed - Invoked on: 2026-08-15 21:40:00 - Message: The job failed. The Job was invoked by Schedule 3094 (Every_5_Min_PLE_Check). The last step to run was step 1 (Check_PLE_And_Warm2).
2026-08-15T19:35:02.120Z;B-S-W-SQL-01;warn;208;SQLSERVERAGENT;Application;SQL Server Scheduled Job 'Emergency_Cache_Warming' (0x144466B7C98DCF46A3631FFDFB46581C) - Status: Failed - Invoked on: 2026-08-15 21:25:00 - Message: The job failed. The Job was invoked by Schedule 3094 (Every_5_Min_PLE_Check). The last step to run was step 1 (Check_PLE_And_Warm2).
2026-08-15T19:05:56.726Z;B-S-W-SQL-01;warn;208;SQLSERVERAGENT;Application;SQL Server Scheduled Job 'Emergency_Cache_Warming' (0x144466B7C98DCF46A3631FFDFB46581C) - Status: Failed - Invoked on: 2026-08-15 21:00:00 - Message: The job failed. The Job was invoked by Schedule 3094 (Every_5_Min_PLE_Check). The last step to run was step 1 (Check_PLE_And_Warm2).
2026-08-15T18:55:02.880Z;B-S-W-SQL-01;warn;208;SQLSERVERAGENT;Application;SQL Server Scheduled Job 'Emergency_Cache_Warming' (0x144466B7C98DCF46A3631FFDFB46581C) - Status: Failed - Invoked on: 2026-08-15 20:45:00 - Message: The job failed. The Job was invoked by Schedule 3094 (Every_5_Min_PLE_Check). The last step to run was step 1 (Check_PLE_And_Warm2).
2026-08-15T18:25:56.796Z;B-S-W-SQL-01;warn;208;SQLSERVERAGENT;Application;SQL Server Scheduled Job 'Emergency_Cache_Warming' (0x144466B7C98DCF46A3631FFDFB46581C) - Status: Failed - Invoked on: 2026-08-15 20:20:00 - Message: The job failed. The Job was invoked by Schedule 3094 (Every_5_Min_PLE_Check). The last step to run was step 1 (Check_PLE_And_Warm2).
2026-08-15T18:22:06.903Z;B-S-W-SQL-01;warn;4098;Group Policy Drive Maps;Application;The user 'Y:' preference item in the 'MAP_Network_Drive {93585CE6-7A8B-43B2-A7BF-ABADEC939650}' Group Policy Object did not apply because it failed with error code '0x80070035 The network path was not found.' This error was suppressed.
2026-08-15T18:22:06.886Z;B-S-W-SQL-01;warn;4098;Group Policy Drive Maps;Application;The user 'I:' preference item in the 'MAP_Network_Drive {93585CE6-7A8B-43B2-A7BF-ABADEC939650}' Group Policy Object did not apply because it failed with error code '0x80070035 The network path was not found.' This error was suppressed.
2026-08-15T18:15:02.526Z;B-S-W-SQL-01;warn;208;SQLSERVERAGENT;Application;SQL Server Scheduled Job 'Emergency_Cache_Warming' (0x144466B7C98DCF46A3631FFDFB46581C) - Status: Failed - Invoked on: 2026-08-15 20:05:00 - Message: The job failed. The Job was invoked by Schedule 3094 (Every_5_Min_PLE_Check). The last step to run was step 1 (Check_PLE_And_Warm2).
2026-08-15T17:45:56.480Z;B-S-W-SQL-01;warn;208;SQLSERVERAGENT;Application;SQL Server Scheduled Job 'Emergency_Cache_Warming' (0x144466B7C98DCF46A3631FFDFB46581C) - Status: Failed - Invoked on: 2026-08-15 19:40:00 - Message: The job failed. The Job was invoked by Schedule 3094 (Every_5_Min_PLE_Check). The last step to run was step 1 (Check_PLE_And_Warm2).
2026-08-15T17:35:01.996Z;B-S-W-SQL-01;warn;208;SQLSERVERAGENT;Application;SQL Server Scheduled Job 'Emergency_Cache_Warming' (0x144466B7C98DCF46A3631FFDFB46581C) - Status: Failed - Invoked on: 2026-08-15 19:25:00 - Message: The job failed. The Job was invoked by Schedule 3094 (Every_5_Min_PLE_Check). The last step to run was step 1 (Check_PLE_And_Warm2).
2026-08-15T17:13:14.086Z;B-S-W-SQL-01;err;1511;Microsoft-Windows-User Profiles Service;Application;Windows cannot find the local profile and is logging you on with a temporary profile. Changes you make to this profile will be lost when you log off.
2026-08-15T17:05:56.436Z;B-S-W-SQL-01;warn;208;SQLSERVERAGENT;Application;SQL Server Scheduled Job 'Emergency_Cache_Warming' (0x144466B7C98DCF46A3631FFDFB46581C) - Status: Failed - Invoked on: 2026-08-15 19:00:00 - Message: The job failed. The Job was invoked by Schedule 3094 (Every_5_Min_PLE_Check). The last step to run was step 1 (Check_PLE_And_Warm2).
2026-08-15T16:55:01.780Z;B-S-W-SQL-01;warn;208;SQLSERVERAGENT;Application;SQL Server Scheduled Job 'Emergency_Cache_Warming' (0x144466B7C98DCF46A3631FFDFB46581C) - Status: Failed - Invoked on: 2026-08-15 18:45:00 - Message: The job failed. The Job was invoked by Schedule 3094 (Every_5_Min_PLE_Check). The last step to run was step 1 (Check_PLE_And_Warm2).
2026-08-15T16:43:12.420Z;B-S-W-SQL-01;err;1511;Microsoft-Windows-User Profiles Service;Application;Windows cannot find the local profile and is logging you on with a temporary profile. Changes you make to this profile will be lost when you log off.
2026-08-15T16:43:10.406Z;B-S-W-SQL-01;err;1511;Microsoft-Windows-User Profiles Service;Application;Windows cannot find the local profile and is logging you on with a temporary profile. Changes you make to this profile will be lost when you log off.
2026-08-15T16:43:08.746Z;B-S-W-SQL-01;err;1511;Microsoft-Windows-User Profiles Service;Application;Windows cannot find the local profile and is logging you on with a temporary profile. Changes you make to this profile will be lost when you log off.
2026-08-15T16:43:05.996Z;B-S-W-SQL-01;err;1511;Microsoft-Windows-User Profiles Service;Application;Windows cannot find the local profile and is logging you on with a temporary profile. Changes you make to this profile will be lost when you log off.
2026-08-15T16:43:04.146Z;B-S-W-SQL-01;err;1511;Microsoft-Windows-User Profiles Service;Application;Windows cannot find the local profile and is logging you on with a temporary profile. Changes you make to this profile will be lost when you log off.
2026-08-15T16:43:02.160Z;B-S-W-SQL-01;err;1511;Microsoft-Windows-User Profiles Service;Application;Windows cannot find the local profile and is logging you on with a temporary profile. Changes you make to this profile will be lost when you log off.
2026-08-15T16:43:00.553Z;B-S-W-SQL-01;err;1511;Microsoft-Windows-User Profiles Service;Application;Windows cannot find the local profile and is logging you on with a temporary profile. Changes you make to this profile will be lost when you log off.
2026-08-15T16:42:57.743Z;B-S-W-SQL-01;err;1511;Microsoft-Windows-User Profiles Service;Application;Windows cannot find the local profile and is logging you on with a temporary profile. Changes you make to this profile will be lost when you log off.
2026-08-15T16:42:55.956Z;B-S-W-SQL-01;err;1511;Microsoft-Windows-User Profiles Service;Application;Windows cannot find the local profile and is logging you on with a temporary profile. Changes you make to this profile will be lost when you log off.
2026-08-15T16:42:53.956Z;B-S-W-SQL-01;err;1511;Microsoft-Windows-User Profiles Service;Application;Windows cannot find the local profile and is logging you on with a temporary profile. Changes you make to this profile will be lost when you log off.
2026-08-15T16:42:52.216Z;B-S-W-SQL-01;err;1511;Microsoft-Windows-User Profiles Service;Application;Windows cannot find the local profile and is logging you on with a temporary profile. Changes you make to this profile will be lost when you log off.
2026-08-15T16:42:49.480Z;B-S-W-SQL-01;err;1511;Microsoft-Windows-User Profiles Service;Application;Windows cannot find the local profile and is logging you on with a temporary profile. Changes you make to this profile will be lost when you log off.
2026-08-15T16:42:47.596Z;B-S-W-SQL-01;err;1511;Microsoft-Windows-User Profiles Service;Application;Windows cannot find the local profile and is logging you on with a temporary profile. Changes you make to this profile will be lost when you log off.
2026-08-15T16:42:45.653Z;B-S-W-SQL-01;err;1511;Microsoft-Windows-User Profiles Service;Application;Windows cannot find the local profile and is logging you on with a temporary profile. Changes you make to this profile will be lost when you log off.
2026-08-15T16:42:44.033Z;B-S-W-SQL-01;err;1511;Microsoft-Windows-User Profiles Service;Application;Windows cannot find the local profile and is logging you on with a temporary profile. Changes you make to this profile will be lost when you log off.
2026-08-15T16:42:41.116Z;B-S-W-SQL-01;err;1511;Microsoft-Windows-User Profiles Service;Application;Windows cannot find the local profile and is logging you on with a temporary profile. Changes you make to this profile will be lost when you log off.
2026-08-15T16:42:37.276Z;B-S-W-SQL-01;err;1511;Microsoft-Windows-User Profiles Service;Application;Windows cannot find the local profile and is logging you on with a temporary profile. Changes you make to this profile will be lost when you log off.
2026-08-15T16:42:35.573Z;B-S-W-SQL-01;err;1511;Microsoft-Windows-User Profiles Service;Application;Windows cannot find the local profile and is logging you on with a temporary profile. Changes you make to this profile will be lost when you log off.
2026-08-15T16:42:34.033Z;B-S-W-SQL-01;err;1511;Microsoft-Windows-User Profiles Service;Application;Windows cannot find the local profile and is logging you on with a temporary profile. Changes you make to this profile will be lost when you log off.
2026-08-15T16:42:32.400Z;B-S-W-SQL-01;err;1511;Microsoft-Windows-User Profiles Service;Application;Windows cannot find the local profile and is logging you on with a temporary profile. Changes you make to this profile will be lost when you log off.
2026-08-15T16:42:30.693Z;B-S-W-SQL-01;err;1511;Microsoft-Windows-User Profiles Service;Application;Windows cannot find the local profile and is logging you on with a temporary profile. Changes you make to this profile will be lost when you log off.
2026-08-15T16:26:05.873Z;B-S-W-SQL-01;warn;4098;Group Policy Drive Maps;Application;The user 'Y:' preference item in the 'MAP_Network_Drive {93585CE6-7A8B-43B2-A7BF-ABADEC939650}' Group Policy Object did not apply because it failed with error code '0x80070035 The network path was not found.' This error was suppressed.
2026-08-15T16:26:05.856Z;B-S-W-SQL-01;warn;4098;Group Policy Drive Maps;Application;The user 'I:' preference item in the 'MAP_Network_Drive {93585CE6-7A8B-43B2-A7BF-ABADEC939650}' Group Policy Object did not apply because it failed with error code '0x80070035 The network path was not found.' This error was suppressed.
2026-08-15T16:25:56.660Z;B-S-W-SQL-01;warn;208;SQLSERVERAGENT;Application;SQL Server Scheduled Job 'Emergency_Cache_Warming' (0x144466B7C98DCF46A3631FFDFB46581C) - Status: Failed - Invoked on: 2026-08-15 18:20:00 - Message: The job failed. The Job was invoked by Schedule 3094 (Every_5_Min_PLE_Check). The last step to run was step 1 (Check_PLE_And_Warm2).
2026-08-15T16:15:02.123Z;B-S-W-SQL-01;warn;208;SQLSERVERAGENT;Application;SQL Server Scheduled Job 'Emergency_Cache_Warming' (0x144466B7C98DCF46A3631FFDFB46581C) - Status: Failed - Invoked on: 2026-08-15 18:05:00 - Message: The job failed. The Job was invoked by Schedule 3094 (Every_5_Min_PLE_Check). The last step to run was step 1 (Check_PLE_And_Warm2).
2026-08-15T15:45:56.546Z;B-S-W-SQL-01;warn;208;SQLSERVERAGENT;Application;SQL Server Scheduled Job 'Emergency_Cache_Warming' (0x144466B7C98DCF46A3631FFDFB46581C) - Status: Failed - Invoked on: 2026-08-15 17:40:00 - Message: The job failed. The Job was invoked by Schedule 3094 (Every_5_Min_PLE_Check). The last step to run was step 1 (Check_PLE_And_Warm2).
2026-08-15T15:40:46.956Z;B-S-W-SQL-01;err;1803;Microsoft-Windows-TPM-WMI;System;"A PK-signed Key Exchange Key (KEK) cannot be found for this device. Check with the device manufacturer for proper key provisioning. This device signature information is included here. DeviceAttributes: BaseBoardManufacturer:Intel Corporation;FirmwareManufacturer:VMware, Inc.;FirmwareVersion:VMW71.00V.16707776.B64.2008070230;OEMModelNumber:VMware7,1;OEMModelBaseBoard:440BX Desktop Reference Platform;OEMModelSystemFamily:;OEMManufacturerName:VMware, Inc.;OEMModelSKU:;OSArchitecture:amd64; BucketId: c42abddf3a3802ff518f24f8dec0f7e2a2b3605404ff0d50864da0a9d2650503 BucketConfidenceLevel: High Confidence. For more information, please see https://go.microsoft.com/fwlink/?linkid=2339472"
2026-08-15T15:35:01.626Z;B-S-W-SQL-01;warn;208;SQLSERVERAGENT;Application;SQL Server Scheduled Job 'Emergency_Cache_Warming' (0x144466B7C98DCF46A3631FFDFB46581C) - Status: Failed - Invoked on: 2026-08-15 17:25:00 - Message: The job failed. The Job was invoked by Schedule 3094 (Every_5_Min_PLE_Check). The last step to run was step 1 (Check_PLE_And_Warm2).
2026-08-15T15:05:56.376Z;B-S-W-SQL-01;warn;208;SQLSERVERAGENT;Application;SQL Server Scheduled Job 'Emergency_Cache_Warming' (0x144466B7C98DCF46A3631FFDFB46581C) - Status: Failed - Invoked on: 2026-08-15 17:00:00 - Message: The job failed. The Job was invoked by Schedule 3094 (Every_5_Min_PLE_Check). The last step to run was step 1 (Check_PLE_And_Warm2).
2026-08-15T14:55:01.640Z;B-S-W-SQL-01;warn;208;SQLSERVERAGENT;Application;SQL Server Scheduled Job 'Emergency_Cache_Warming' (0x144466B7C98DCF46A3631FFDFB46581C) - Status: Failed - Invoked on: 2026-08-15 16:45:00 - Message: The job failed. The Job was invoked by Schedule 3094 (Every_5_Min_PLE_Check). The last step to run was step 1 (Check_PLE_And_Warm2).
2026-08-15T14:43:04.696Z;B-S-W-SQL-01;warn;4098;Group Policy Drive Maps;Application;The user 'Y:' preference item in the 'MAP_Network_Drive {93585CE6-7A8B-43B2-A7BF-ABADEC939650}' Group Policy Object did not apply because it failed with error code '0x80070035 The network path was not found.' This error was suppressed.
2026-08-15T14:43:04.680Z;B-S-W-SQL-01;warn;4098;Group Policy Drive Maps;Application;The user 'I:' preference item in the 'MAP_Network_Drive {93585CE6-7A8B-43B2-A7BF-ABADEC939650}' Group Policy Object did not apply because it failed with error code '0x80070035 The network path was not found.' This error was suppressed.
2026-08-15T14:25:56.766Z;B-S-W-SQL-01;warn;208;SQLSERVERAGENT;Application;SQL Server Scheduled Job 'Emergency_Cache_Warming' (0x144466B7C98DCF46A3631FFDFB46581C) - Status: Failed - Invoked on: 2026-08-15 16:20:00 - Message: The job failed. The Job was invoked by Schedule 3094 (Every_5_Min_PLE_Check). The last step to run was step 1 (Check_PLE_And_Warm2).
2026-08-15T14:15:01.506Z;B-S-W-SQL-01;warn;208;SQLSERVERAGENT;Application;SQL Server Scheduled Job 'Emergency_Cache_Warming' (0x144466B7C98DCF46A3631FFDFB46581C) - Status: Failed - Invoked on: 2026-08-15 16:05:00 - Message: The job failed. The Job was invoked by Schedule 3094 (Every_5_Min_PLE_Check). The last step to run was step 1 (Check_PLE_And_Warm2).
2026-08-15T13:45:56.576Z;B-S-W-SQL-01;warn;208;SQLSERVERAGENT;Application;SQL Server Scheduled Job 'Emergency_Cache_Warming' (0x144466B7C98DCF46A3631FFDFB46581C) - Status: Failed - Invoked on: 2026-08-15 15:40:00 - Message: The job failed. The Job was invoked by Schedule 3094 (Every_5_Min_PLE_Check). The last step to run was step 1 (Check_PLE_And_Warm2).
2026-08-15T13:35:01.636Z;B-S-W-SQL-01;warn;208;SQLSERVERAGENT;Application;SQL Server Scheduled Job 'Emergency_Cache_Warming' (0x144466B7C98DCF46A3631FFDFB46581C) - Status: Failed - Invoked on: 2026-08-15 15:25:00 - Message: The job failed. The Job was invoked by Schedule 3094 (Every_5_Min_PLE_Check). The last step to run was step 1 (Check_PLE_And_Warm2).
2026-08-15T13:09:03.666Z;B-S-W-SQL-01;warn;4098;Group Policy Drive Maps;Application;The user 'Y:' preference item in the 'MAP_Network_Drive {93585CE6-7A8B-43B2-A7BF-ABADEC939650}' Group Policy Object did not apply because it failed with error code '0x80070035 The network path was not found.' This error was suppressed.
2026-08-15T13:09:03.633Z;B-S-W-SQL-01;warn;4098;Group Policy Drive Maps;Application;The user 'I:' preference item in the 'MAP_Network_Drive {93585CE6-7A8B-43B2-A7BF-ABADEC939650}' Group Policy Object did not apply because it failed with error code '0x80070035 The network path was not found.' This error was suppressed.
2026-08-15T13:05:56.426Z;B-S-W-SQL-01;warn;208;SQLSERVERAGENT;Application;SQL Server Scheduled Job 'Emergency_Cache_Warming' (0x144466B7C98DCF46A3631FFDFB46581C) - Status: Failed - Invoked on: 2026-08-15 15:00:00 - Message: The job failed. The Job was invoked by Schedule 3094 (Every_5_Min_PLE_Check). The last step to run was step 1 (Check_PLE_And_Warm2).
2026-08-15T12:55:01.943Z;B-S-W-SQL-01;warn;208;SQLSERVERAGENT;Application;SQL Server Scheduled Job 'Emergency_Cache_Warming' (0x144466B7C98DCF46A3631FFDFB46581C) - Status: Failed - Invoked on: 2026-08-15 14:45:00 - Message: The job failed. The Job was invoked by Schedule 3094 (Every_5_Min_PLE_Check). The last step to run was step 1 (Check_PLE_And_Warm2).
2026-08-15T12:25:56.276Z;B-S-W-SQL-01;warn;208;SQLSERVERAGENT;Application;SQL Server Scheduled Job 'Emergency_Cache_Warming' (0x144466B7C98DCF46A3631FFDFB46581C) - Status: Failed - Invoked on: 2026-08-15 14:20:00 - Message: The job failed. The Job was invoked by Schedule 3094 (Every_5_Min_PLE_Check). The last step to run was step 1 (Check_PLE_And_Warm2).
2026-08-15T12:15:02.220Z;B-S-W-SQL-01;warn;208;SQLSERVERAGENT;Application;SQL Server Scheduled Job 'Emergency_Cache_Warming' (0x144466B7C98DCF46A3631FFDFB46581C) - Status: Failed - Invoked on: 2026-08-15 14:05:00 - Message: The job failed. The Job was invoked by Schedule 3094 (Every_5_Min_PLE_Check). The last step to run was step 1 (Check_PLE_And_Warm2).
2026-08-15T11:45:56.393Z;B-S-W-SQL-01;warn;208;SQLSERVERAGENT;Application;SQL Server Scheduled Job 'Emergency_Cache_Warming' (0x144466B7C98DCF46A3631FFDFB46581C) - Status: Failed - Invoked on: 2026-08-15 13:40:00 - Message: The job failed. The Job was invoked by Schedule 3094 (Every_5_Min_PLE_Check). The last step to run was step 1 (Check_PLE_And_Warm2).
2026-08-15T11:35:01.506Z;B-S-W-SQL-01;warn;208;SQLSERVERAGENT;Application;SQL Server Scheduled Job 'Emergency_Cache_Warming' (0x144466B7C98DCF46A3631FFDFB46581C) - Status: Failed - Invoked on: 2026-08-15 13:25:00 - Message: The job failed. The Job was invoked by Schedule 3094 (Every_5_Min_PLE_Check). The last step to run was step 1 (Check_PLE_And_Warm2).
2026-08-15T11:16:02.533Z;B-S-W-SQL-01;warn;4098;Group Policy Drive Maps;Application;The user 'Y:' preference item in the 'MAP_Network_Drive {93585CE6-7A8B-43B2-A7BF-ABADEC939650}' Group Policy Object did not apply because it failed with error code '0x80070035 The network path was not found.' This error was suppressed.
2026-08-15T11:16:02.516Z;B-S-W-SQL-01;warn;4098;Group Policy Drive Maps;Application;The user 'I:' preference item in the 'MAP_Network_Drive {93585CE6-7A8B-43B2-A7BF-ABADEC939650}' Group Policy Object did not apply because it failed with error code '0x80070035 The network path was not found.' This error was suppressed.
2026-08-15T11:05:56.170Z;B-S-W-SQL-01;warn;208;SQLSERVERAGENT;Application;SQL Server Scheduled Job 'Emergency_Cache_Warming' (0x144466B7C98DCF46A3631FFDFB46581C) - Status: Failed - Invoked on: 2026-08-15 13:00:00 - Message: The job failed. The Job was invoked by Schedule 3094 (Every_5_Min_PLE_Check). The last step to run was step 1 (Check_PLE_And_Warm2).
2026-08-15T10:55:02.266Z;B-S-W-SQL-01;warn;208;SQLSERVERAGENT;Application;SQL Server Scheduled Job 'Emergency_Cache_Warming' (0x144466B7C98DCF46A3631FFDFB46581C) - Status: Failed - Invoked on: 2026-08-15 12:45:00 - Message: The job failed. The Job was invoked by Schedule 3094 (Every_5_Min_PLE_Check). The last step to run was step 1 (Check_PLE_And_Warm2).
2026-08-15T10:25:56.423Z;B-S-W-SQL-01;warn;208;SQLSERVERAGENT;Application;SQL Server Scheduled Job 'Emergency_Cache_Warming' (0x144466B7C98DCF46A3631FFDFB46581C) - Status: Failed - Invoked on: 2026-08-15 12:20:00 - Message: The job failed. The Job was invoked by Schedule 3094 (Every_5_Min_PLE_Check). The last step to run was step 1 (Check_PLE_And_Warm2).
2026-08-15T10:15:02.443Z;B-S-W-SQL-01;warn;208;SQLSERVERAGENT;Application;SQL Server Scheduled Job 'Emergency_Cache_Warming' (0x144466B7C98DCF46A3631FFDFB46581C) - Status: Failed - Invoked on: 2026-08-15 12:05:00 - Message: The job failed. The Job was invoked by Schedule 3094 (Every_5_Min_PLE_Check). The last step to run was step 1 (Check_PLE_And_Warm2).
2026-08-15T09:45:56.106Z;B-S-W-SQL-01;warn;208;SQLSERVERAGENT;Application;SQL Server Scheduled Job 'Emergency_Cache_Warming' (0x144466B7C98DCF46A3631FFDFB46581C) - Status: Failed - Invoked on: 2026-08-15 11:40:00 - Message: The job failed. The Job was invoked by Schedule 3094 (Every_5_Min_PLE_Check). The last step to run was step 1 (Check_PLE_And_Warm2).
2026-08-15T09:35:01.450Z;B-S-W-SQL-01;warn;208;SQLSERVERAGENT;Application;SQL Server Scheduled Job 'Emergency_Cache_Warming' (0x144466B7C98DCF46A3631FFDFB46581C) - Status: Failed - Invoked on: 2026-08-15 11:25:00 - Message: The job failed. The Job was invoked by Schedule 3094 (Every_5_Min_PLE_Check). The last step to run was step 1 (Check_PLE_And_Warm2).
2026-08-15T09:24:01.303Z;B-S-W-SQL-01;warn;4098;Group Policy Drive Maps;Application;The user 'Y:' preference item in the 'MAP_Network_Drive {93585CE6-7A8B-43B2-A7BF-ABADEC939650}' Group Policy Object did not apply because it failed with error code '0x80070035 The network path was not found.' This error was suppressed.
2026-08-15T09:24:01.286Z;B-S-W-SQL-01;warn;4098;Group Policy Drive Maps;Application;The user 'I:' preference item in the 'MAP_Network_Drive {93585CE6-7A8B-43B2-A7BF-ABADEC939650}' Group Policy Object did not apply because it failed with error code '0x80070035 The network path was not found.' This error was suppressed.
2026-08-15T09:05:56.600Z;B-S-W-SQL-01;warn;208;SQLSERVERAGENT;Application;SQL Server Scheduled Job 'Emergency_Cache_Warming' (0x144466B7C98DCF46A3631FFDFB46581C) - Status: Failed - Invoked on: 2026-08-15 11:00:00 - Message: The job failed. The Job was invoked by Schedule 3094 (Every_5_Min_PLE_Check). The last step to run was step 1 (Check_PLE_And_Warm2).
2026-08-15T08:55:01.896Z;B-S-W-SQL-01;warn;208;SQLSERVERAGENT;Application;SQL Server Scheduled Job 'Emergency_Cache_Warming' (0x144466B7C98DCF46A3631FFDFB46581C) - Status: Failed - Invoked on: 2026-08-15 10:45:00 - Message: The job failed. The Job was invoked by Schedule 3094 (Every_5_Min_PLE_Check). The last step to run was step 1 (Check_PLE_And_Warm2).
2026-08-15T08:25:56.150Z;B-S-W-SQL-01;warn;208;SQLSERVERAGENT;Application;SQL Server Scheduled Job 'Emergency_Cache_Warming' (0x144466B7C98DCF46A3631FFDFB46581C) - Status: Failed - Invoked on: 2026-08-15 10:20:00 - Message: The job failed. The Job was invoked by Schedule 3094 (Every_5_Min_PLE_Check). The last step to run was step 1 (Check_PLE_And_Warm2).
2026-08-15T08:15:01.780Z;B-S-W-SQL-01;warn;208;SQLSERVERAGENT;Application;SQL Server Scheduled Job 'Emergency_Cache_Warming' (0x144466B7C98DCF46A3631FFDFB46581C) - Status: Failed - Invoked on: 2026-08-15 10:05:00 - Message: The job failed. The Job was invoked by Schedule 3094 (Every_5_Min_PLE_Check). The last step to run was step 1 (Check_PLE_And_Warm2).
2026-08-15T07:45:56.193Z;B-S-W-SQL-01;warn;208;SQLSERVERAGENT;Application;SQL Server Scheduled Job 'Emergency_Cache_Warming' (0x144466B7C98DCF46A3631FFDFB46581C) - Status: Failed - Invoked on: 2026-08-15 09:40:00 - Message: The job failed. The Job was invoked by Schedule 3094 (Every_5_Min_PLE_Check). The last step to run was step 1 (Check_PLE_And_Warm2).
2026-08-15T07:35:02.326Z;B-S-W-SQL-01;warn;208;SQLSERVERAGENT;Application;SQL Server Scheduled Job 'Emergency_Cache_Warming' (0x144466B7C98DCF46A3631FFDFB46581C) - Status: Failed - Invoked on: 2026-08-15 09:25:00 - Message: The job failed. The Job was invoked by Schedule 3094 (Every_5_Min_PLE_Check). The last step to run was step 1 (Check_PLE_And_Warm2).
2026-08-15T07:33:00.116Z;B-S-W-SQL-01;warn;4098;Group Policy Drive Maps;Application;The user 'Y:' preference item in the 'MAP_Network_Drive {93585CE6-7A8B-43B2-A7BF-ABADEC939650}' Group Policy Object did not apply because it failed with error code '0x80070035 The network path was not found.' This error was suppressed.
2026-08-15T07:33:00.100Z;B-S-W-SQL-01;warn;4098;Group Policy Drive Maps;Application;The user 'I:' preference item in the 'MAP_Network_Drive {93585CE6-7A8B-43B2-A7BF-ABADEC939650}' Group Policy Object did not apply because it failed with error code '0x80070035 The network path was not found.' This error was suppressed.
2026-08-15T07:05:56.373Z;B-S-W-SQL-01;warn;208;SQLSERVERAGENT;Application;SQL Server Scheduled Job 'Emergency_Cache_Warming' (0x144466B7C98DCF46A3631FFDFB46581C) - Status: Failed - Invoked on: 2026-08-15 09:00:00 - Message: The job failed. The Job was invoked by Schedule 3094 (Every_5_Min_PLE_Check). The last step to run was step 1 (Check_PLE_And_Warm2).
2026-08-15T06:55:02.056Z;B-S-W-SQL-01;warn;208;SQLSERVERAGENT;Application;SQL Server Scheduled Job 'Emergency_Cache_Warming' (0x144466B7C98DCF46A3631FFDFB46581C) - Status: Failed - Invoked on: 2026-08-15 08:45:00 - Message: The job failed. The Job was invoked by Schedule 3094 (Every_5_Min_PLE_Check). The last step to run was step 1 (Check_PLE_And_Warm2).
2026-08-15T06:25:56.010Z;B-S-W-SQL-01;warn;208;SQLSERVERAGENT;Application;SQL Server Scheduled Job 'Emergency_Cache_Warming' (0x144466B7C98DCF46A3631FFDFB46581C) - Status: Failed - Invoked on: 2026-08-15 08:20:00 - Message: The job failed. The Job was invoked by Schedule 3094 (Every_5_Min_PLE_Check). The last step to run was step 1 (Check_PLE_And_Warm2).
2026-08-15T06:15:01.856Z;B-S-W-SQL-01;warn;208;SQLSERVERAGENT;Application;SQL Server Scheduled Job 'Emergency_Cache_Warming' (0x144466B7C98DCF46A3631FFDFB46581C) - Status: Failed - Invoked on: 2026-08-15 08:05:00 - Message: The job failed. The Job was invoked by Schedule 3094 (Every_5_Min_PLE_Check). The last step to run was step 1 (Check_PLE_And_Warm2).
2026-08-15T05:45:56.566Z;B-S-W-SQL-01;warn;208;SQLSERVERAGENT;Application;SQL Server Scheduled Job 'Emergency_Cache_Warming' (0x144466B7C98DCF46A3631FFDFB46581C) - Status: Failed - Invoked on: 2026-08-15 07:40:00 - Message: The job failed. The Job was invoked by Schedule 3094 (Every_5_Min_PLE_Check). The last step to run was step 1 (Check_PLE_And_Warm2).
2026-08-15T05:35:59.023Z;B-S-W-SQL-01;warn;4098;Group Policy Drive Maps;Application;The user 'Y:' preference item in the 'MAP_Network_Drive {93585CE6-7A8B-43B2-A7BF-ABADEC939650}' Group Policy Object did not apply because it failed with error code '0x80070035 The network path was not found.' This error was suppressed.
2026-08-15T05:35:58.990Z;B-S-W-SQL-01;warn;4098;Group Policy Drive Maps;Application;The user 'I:' preference item in the 'MAP_Network_Drive {93585CE6-7A8B-43B2-A7BF-ABADEC939650}' Group Policy Object did not apply because it failed with error code '0x80070035 The network path was not found.' This error was suppressed.
2026-08-15T05:35:02.093Z;B-S-W-SQL-01;warn;208;SQLSERVERAGENT;Application;SQL Server Scheduled Job 'Emergency_Cache_Warming' (0x144466B7C98DCF46A3631FFDFB46581C) - Status: Failed - Invoked on: 2026-08-15 07:25:00 - Message: The job failed. The Job was invoked by Schedule 3094 (Every_5_Min_PLE_Check). The last step to run was step 1 (Check_PLE_And_Warm2).
2026-08-15T05:05:56.543Z;B-S-W-SQL-01;warn;208;SQLSERVERAGENT;Application;SQL Server Scheduled Job 'Emergency_Cache_Warming' (0x144466B7C98DCF46A3631FFDFB46581C) - Status: Failed - Invoked on: 2026-08-15 07:00:00 - Message: The job failed. The Job was invoked by Schedule 3094 (Every_5_Min_PLE_Check). The last step to run was step 1 (Check_PLE_And_Warm2).
2026-08-15T04:55:01.606Z;B-S-W-SQL-01;warn;208;SQLSERVERAGENT;Application;SQL Server Scheduled Job 'Emergency_Cache_Warming' (0x144466B7C98DCF46A3631FFDFB46581C) - Status: Failed - Invoked on: 2026-08-15 06:45:00 - Message: The job failed. The Job was invoked by Schedule 3094 (Every_5_Min_PLE_Check). The last step to run was step 1 (Check_PLE_And_Warm2).
2026-08-15T04:25:56.210Z;B-S-W-SQL-01;warn;208;SQLSERVERAGENT;Application;SQL Server Scheduled Job 'Emergency_Cache_Warming' (0x144466B7C98DCF46A3631FFDFB46581C) - Status: Failed - Invoked on: 2026-08-15 06:20:00 - Message: The job failed. The Job was invoked by Schedule 3094 (Every_5_Min_PLE_Check). The last step to run was step 1 (Check_PLE_And_Warm2).
2026-08-15T04:15:02.160Z;B-S-W-SQL-01;warn;208;SQLSERVERAGENT;Application;SQL Server Scheduled Job 'Emergency_Cache_Warming' (0x144466B7C98DCF46A3631FFDFB46581C) - Status: Failed - Invoked on: 2026-08-15 06:05:00 - Message: The job failed. The Job was invoked by Schedule 3094 (Every_5_Min_PLE_Check). The last step to run was step 1 (Check_PLE_And_Warm2).
2026-08-15T03:45:56.550Z;B-S-W-SQL-01;warn;208;SQLSERVERAGENT;Application;SQL Server Scheduled Job 'Emergency_Cache_Warming' (0x144466B7C98DCF46A3631FFDFB46581C) - Status: Failed - Invoked on: 2026-08-15 05:40:00 - Message: The job failed. The Job was invoked by Schedule 3094 (Every_5_Min_PLE_Check). The last step to run was step 1 (Check_PLE_And_Warm2).
2026-08-15T03:40:57.736Z;B-S-W-SQL-01;warn;4098;Group Policy Drive Maps;Application;The user 'Y:' preference item in the 'MAP_Network_Drive {93585CE6-7A8B-43B2-A7BF-ABADEC939650}' Group Policy Object did not apply because it failed with error code '0x80070035 The network path was not found.' This error was suppressed.
2026-08-15T03:40:57.720Z;B-S-W-SQL-01;warn;4098;Group Policy Drive Maps;Application;The user 'I:' preference item in the 'MAP_Network_Drive {93585CE6-7A8B-43B2-A7BF-ABADEC939650}' Group Policy Object did not apply because it failed with error code '0x80070035 The network path was not found.' This error was suppressed.
2026-08-15T03:40:46.930Z;B-S-W-SQL-01;err;1803;Microsoft-Windows-TPM-WMI;System;"A PK-signed Key Exchange Key (KEK) cannot be found for this device. Check with the device manufacturer for proper key provisioning. This device signature information is included here. DeviceAttributes: BaseBoardManufacturer:Intel Corporation;FirmwareManufacturer:VMware, Inc.;FirmwareVersion:VMW71.00V.16707776.B64.2008070230;OEMModelNumber:VMware7,1;OEMModelBaseBoard:440BX Desktop Reference Platform;OEMModelSystemFamily:;OEMManufacturerName:VMware, Inc.;OEMModelSKU:;OSArchitecture:amd64; BucketId: c42abddf3a3802ff518f24f8dec0f7e2a2b3605404ff0d50864da0a9d2650503 BucketConfidenceLevel: High Confidence. For more information, please see https://go.microsoft.com/fwlink/?linkid=2339472"
2026-08-15T03:35:01.556Z;B-S-W-SQL-01;warn;208;SQLSERVERAGENT;Application;SQL Server Scheduled Job 'Emergency_Cache_Warming' (0x144466B7C98DCF46A3631FFDFB46581C) - Status: Failed - Invoked on: 2026-08-15 05:25:00 - Message: The job failed. The Job was invoked by Schedule 3094 (Every_5_Min_PLE_Check). The last step to run was step 1 (Check_PLE_And_Warm2).
2026-08-15T03:05:51.723Z;B-S-W-SQL-01;warn;208;SQLSERVERAGENT;Application;SQL Server Scheduled Job 'Emergency_Cache_Warming' (0x144466B7C98DCF46A3631FFDFB46581C) - Status: Failed - Invoked on: 2026-08-15 05:00:00 - Message: The job failed. The Job was invoked by Schedule 3094 (Every_5_Min_PLE_Check). The last step to run was step 1 (Check_PLE_And_Warm2).
2026-08-15T02:55:01.656Z;B-S-W-SQL-01;warn;208;SQLSERVERAGENT;Application;SQL Server Scheduled Job 'Emergency_Cache_Warming' (0x144466B7C98DCF46A3631FFDFB46581C) - Status: Failed - Invoked on: 2026-08-15 04:45:00 - Message: The job failed. The Job was invoked by Schedule 3094 (Every_5_Min_PLE_Check). The last step to run was step 1 (Check_PLE_And_Warm2).
2026-08-15T02:26:01.070Z;B-S-W-SQL-01;warn;208;SQLSERVERAGENT;Application;SQL Server Scheduled Job 'Emergency_Cache_Warming' (0x144466B7C98DCF46A3631FFDFB46581C) - Status: Failed - Invoked on: 2026-08-15 04:20:00 - Message: The job failed. The Job was invoked by Schedule 3094 (Every_5_Min_PLE_Check). The last step to run was step 1 (Check_PLE_And_Warm2).
2026-08-15T02:15:01.846Z;B-S-W-SQL-01;warn;208;SQLSERVERAGENT;Application;SQL Server Scheduled Job 'Emergency_Cache_Warming' (0x144466B7C98DCF46A3631FFDFB46581C) - Status: Failed - Invoked on: 2026-08-15 04:05:00 - Message: The job failed. The Job was invoked by Schedule 3094 (Every_5_Min_PLE_Check). The last step to run was step 1 (Check_PLE_And_Warm2).
2026-08-15T01:54:56.713Z;B-S-W-SQL-01;warn;4098;Group Policy Drive Maps;Application;The user 'Y:' preference item in the 'MAP_Network_Drive {93585CE6-7A8B-43B2-A7BF-ABADEC939650}' Group Policy Object did not apply because it failed with error code '0x80070035 The network path was not found.' This error was suppressed.
2026-08-15T01:54:56.696Z;B-S-W-SQL-01;warn;4098;Group Policy Drive Maps;Application;The user 'I:' preference item in the 'MAP_Network_Drive {93585CE6-7A8B-43B2-A7BF-ABADEC939650}' Group Policy Object did not apply because it failed with error code '0x80070035 The network path was not found.' This error was suppressed.
2026-08-15T01:46:00.973Z;B-S-W-SQL-01;warn;208;SQLSERVERAGENT;Application;SQL Server Scheduled Job 'Emergency_Cache_Warming' (0x144466B7C98DCF46A3631FFDFB46581C) - Status: Failed - Invoked on: 2026-08-15 03:40:00 - Message: The job failed. The Job was invoked by Schedule 3094 (Every_5_Min_PLE_Check). The last step to run was step 1 (Check_PLE_And_Warm2).
2026-08-15T01:35:01.150Z;B-S-W-SQL-01;warn;208;SQLSERVERAGENT;Application;SQL Server Scheduled Job 'Emergency_Cache_Warming' (0x144466B7C98DCF46A3631FFDFB46581C) - Status: Failed - Invoked on: 2026-08-15 03:25:00 - Message: The job failed. The Job was invoked by Schedule 3094 (Every_5_Min_PLE_Check). The last step to run was step 1 (Check_PLE_And_Warm2).
2026-08-15T01:05:56.576Z;B-S-W-SQL-01;warn;208;SQLSERVERAGENT;Application;SQL Server Scheduled Job 'Emergency_Cache_Warming' (0x144466B7C98DCF46A3631FFDFB46581C) - Status: Failed - Invoked on: 2026-08-15 03:00:00 - Message: The job failed. The Job was invoked by Schedule 3094 (Every_5_Min_PLE_Check). The last step to run was step 1 (Check_PLE_And_Warm2).
2026-08-15T00:55:02.066Z;B-S-W-SQL-01;warn;208;SQLSERVERAGENT;Application;SQL Server Scheduled Job 'Emergency_Cache_Warming' (0x144466B7C98DCF46A3631FFDFB46581C) - Status: Failed - Invoked on: 2026-08-15 02:45:00 - Message: The job failed. The Job was invoked by Schedule 3094 (Every_5_Min_PLE_Check). The last step to run was step 1 (Check_PLE_And_Warm2).
2026-08-15T00:26:01.690Z;B-S-W-SQL-01;warn;208;SQLSERVERAGENT;Application;SQL Server Scheduled Job 'Emergency_Cache_Warming' (0x144466B7C98DCF46A3631FFDFB46581C) - Status: Failed - Invoked on: 2026-08-15 02:20:00 - Message: The job failed. The Job was invoked by Schedule 3094 (Every_5_Min_PLE_Check). The last step to run was step 1 (Check_PLE_And_Warm2).
2026-08-15T00:15:01.493Z;B-S-W-SQL-01;warn;208;SQLSERVERAGENT;Application;SQL Server Scheduled Job 'Emergency_Cache_Warming' (0x144466B7C98DCF46A3631FFDFB46581C) - Status: Failed - Invoked on: 2026-08-15 02:05:00 - Message: The job failed. The Job was invoked by Schedule 3094 (Every_5_Min_PLE_Check). The last step to run was step 1 (Check_PLE_And_Warm2).
2026-08-15T00:04:55.613Z;B-S-W-SQL-01;warn;4098;Group Policy Drive Maps;Application;The user 'Y:' preference item in the 'MAP_Network_Drive {93585CE6-7A8B-43B2-A7BF-ABADEC939650}' Group Policy Object did not apply because it failed with error code '0x80070035 The network path was not found.' This error was suppressed.
2026-08-15T00:04:55.596Z;B-S-W-SQL-01;warn;4098;Group Policy Drive Maps;Application;The user 'I:' preference item in the 'MAP_Network_Drive {93585CE6-7A8B-43B2-A7BF-ABADEC939650}' Group Policy Object did not apply because it failed with error code '0x80070035 The network path was not found.' This error was suppressed.
2026-08-14T23:45:56.046Z;B-S-W-SQL-01;warn;208;SQLSERVERAGENT;Application;SQL Server Scheduled Job 'Emergency_Cache_Warming' (0x144466B7C98DCF46A3631FFDFB46581C) - Status: Failed - Invoked on: 2026-08-15 01:40:00 - Message: The job failed. The Job was invoked by Schedule 3094 (Every_5_Min_PLE_Check). The last step to run was step 1 (Check_PLE_And_Warm2).
2026-08-14T23:35:01.793Z;B-S-W-SQL-01;warn;208;SQLSERVERAGENT;Application;SQL Server Scheduled Job 'Emergency_Cache_Warming' (0x144466B7C98DCF46A3631FFDFB46581C) - Status: Failed - Invoked on: 2026-08-15 01:25:00 - Message: The job failed. The Job was invoked by Schedule 3094 (Every_5_Min_PLE_Check). The last step to run was step 1 (Check_PLE_And_Warm2).
2026-08-14T23:05:56.743Z;B-S-W-SQL-01;warn;208;SQLSERVERAGENT;Application;SQL Server Scheduled Job 'Emergency_Cache_Warming' (0x144466B7C98DCF46A3631FFDFB46581C) - Status: Failed - Invoked on: 2026-08-15 01:00:00 - Message: The job failed. The Job was invoked by Schedule 3094 (Every_5_Min_PLE_Check). The last step to run was step 1 (Check_PLE_And_Warm2).
2026-08-14T22:55:02.130Z;B-S-W-SQL-01;warn;208;SQLSERVERAGENT;Application;SQL Server Scheduled Job 'Emergency_Cache_Warming' (0x144466B7C98DCF46A3631FFDFB46581C) - Status: Failed - Invoked on: 2026-08-15 00:45:00 - Message: The job failed. The Job was invoked by Schedule 3094 (Every_5_Min_PLE_Check). The last step to run was step 1 (Check_PLE_And_Warm2).
2026-08-14T22:25:56.936Z;B-S-W-SQL-01;warn;208;SQLSERVERAGENT;Application;SQL Server Scheduled Job 'Emergency_Cache_Warming' (0x144466B7C98DCF46A3631FFDFB46581C) - Status: Failed - Invoked on: 2026-08-15 00:20:00 - Message: The job failed. The Job was invoked by Schedule 3094 (Every_5_Min_PLE_Check). The last step to run was step 1 (Check_PLE_And_Warm2).
2026-08-14T22:19:54.620Z;B-S-W-SQL-01;warn;4098;Group Policy Drive Maps;Application;The user 'Y:' preference item in the 'MAP_Network_Drive {93585CE6-7A8B-43B2-A7BF-ABADEC939650}' Group Policy Object did not apply because it failed with error code '0x80070035 The network path was not found.' This error was suppressed.
2026-08-14T22:19:54.606Z;B-S-W-SQL-01;warn;4098;Group Policy Drive Maps;Application;The user 'I:' preference item in the 'MAP_Network_Drive {93585CE6-7A8B-43B2-A7BF-ABADEC939650}' Group Policy Object did not apply because it failed with error code '0x80070035 The network path was not found.' This error was suppressed.
2026-08-14T22:15:01.806Z;B-S-W-SQL-01;warn;208;SQLSERVERAGENT;Application;SQL Server Scheduled Job 'Emergency_Cache_Warming' (0x144466B7C98DCF46A3631FFDFB46581C) - Status: Failed - Invoked on: 2026-08-15 00:05:00 - Message: The job failed. The Job was invoked by Schedule 3094 (Every_5_Min_PLE_Check). The last step to run was step 1 (Check_PLE_And_Warm2).
2026-08-14T21:45:55.966Z;B-S-W-SQL-01;warn;208;SQLSERVERAGENT;Application;SQL Server Scheduled Job 'Emergency_Cache_Warming' (0x144466B7C98DCF46A3631FFDFB46581C) - Status: Failed - Invoked on: 2026-08-14 23:40:00 - Message: The job failed. The Job was invoked by Schedule 3094 (Every_5_Min_PLE_Check). The last step to run was step 1 (Check_PLE_And_Warm2).
2026-08-14T21:35:02.346Z;B-S-W-SQL-01;warn;208;SQLSERVERAGENT;Application;SQL Server Scheduled Job 'Emergency_Cache_Warming' (0x144466B7C98DCF46A3631FFDFB46581C) - Status: Failed - Invoked on: 2026-08-14 23:25:00 - Message: The job failed. The Job was invoked by Schedule 3094 (Every_5_Min_PLE_Check). The last step to run was step 1 (Check_PLE_And_Warm2).
2026-08-14T21:05:56.610Z;B-S-W-SQL-01;warn;208;SQLSERVERAGENT;Application;SQL Server Scheduled Job 'Emergency_Cache_Warming' (0x144466B7C98DCF46A3631FFDFB46581C) - Status: Failed - Invoked on: 2026-08-14 23:00:00 - Message: The job failed. The Job was invoked by Schedule 3094 (Every_5_Min_PLE_Check). The last step to run was step 1 (Check_PLE_And_Warm2).
2026-08-14T20:55:02.123Z;B-S-W-SQL-01;warn;208;SQLSERVERAGENT;Application;SQL Server Scheduled Job 'Emergency_Cache_Warming' (0x144466B7C98DCF46A3631FFDFB46581C) - Status: Failed - Invoked on: 2026-08-14 22:45:00 - Message: The job failed. The Job was invoked by Schedule 3094 (Every_5_Min_PLE_Check). The last step to run was step 1 (Check_PLE_And_Warm2).
2026-08-14T20:49:53.420Z;B-S-W-SQL-01;warn;4098;Group Policy Drive Maps;Application;The user 'Y:' preference item in the 'MAP_Network_Drive {93585CE6-7A8B-43B2-A7BF-ABADEC939650}' Group Policy Object did not apply because it failed with error code '0x80070035 The network path was not found.' This error was suppressed.
2026-08-14T20:49:53.403Z;B-S-W-SQL-01;warn;4098;Group Policy Drive Maps;Application;The user 'I:' preference item in the 'MAP_Network_Drive {93585CE6-7A8B-43B2-A7BF-ABADEC939650}' Group Policy Object did not apply because it failed with error code '0x80070035 The network path was not found.' This error was suppressed.
2026-08-14T20:25:56.143Z;B-S-W-SQL-01;warn;208;SQLSERVERAGENT;Application;SQL Server Scheduled Job 'Emergency_Cache_Warming' (0x144466B7C98DCF46A3631FFDFB46581C) - Status: Failed - Invoked on: 2026-08-14 22:20:00 - Message: The job failed. The Job was invoked by Schedule 3094 (Every_5_Min_PLE_Check). The last step to run was step 1 (Check_PLE_And_Warm2).
2026-08-14T20:15:01.603Z;B-S-W-SQL-01;warn;208;SQLSERVERAGENT;Application;SQL Server Scheduled Job 'Emergency_Cache_Warming' (0x144466B7C98DCF46A3631FFDFB46581C) - Status: Failed - Invoked on: 2026-08-14 22:05:00 - Message: The job failed. The Job was invoked by Schedule 3094 (Every_5_Min_PLE_Check). The last step to run was step 1 (Check_PLE_And_Warm2).
2026-08-14T19:45:56.470Z;B-S-W-SQL-01;warn;208;SQLSERVERAGENT;Application;SQL Server Scheduled Job 'Emergency_Cache_Warming' (0x144466B7C98DCF46A3631FFDFB46581C) - Status: Failed - Invoked on: 2026-08-14 21:40:00 - Message: The job failed. The Job was invoked by Schedule 3094 (Every_5_Min_PLE_Check). The last step to run was step 1 (Check_PLE_And_Warm2).
2026-08-14T19:35:01.880Z;B-S-W-SQL-01;warn;208;SQLSERVERAGENT;Application;SQL Server Scheduled Job 'Emergency_Cache_Warming' (0x144466B7C98DCF46A3631FFDFB46581C) - Status: Failed - Invoked on: 2026-08-14 21:25:00 - Message: The job failed. The Job was invoked by Schedule 3094 (Every_5_Min_PLE_Check). The last step to run was step 1 (Check_PLE_And_Warm2).
2026-08-14T19:13:52.406Z;B-S-W-SQL-01;warn;4098;Group Policy Drive Maps;Application;The user 'Y:' preference item in the 'MAP_Network_Drive {93585CE6-7A8B-43B2-A7BF-ABADEC939650}' Group Policy Object did not apply because it failed with error code '0x80070035 The network path was not found.' This error was suppressed.
2026-08-14T19:13:52.390Z;B-S-W-SQL-01;warn;4098;Group Policy Drive Maps;Application;The user 'I:' preference item in the 'MAP_Network_Drive {93585CE6-7A8B-43B2-A7BF-ABADEC939650}' Group Policy Object did not apply because it failed with error code '0x80070035 The network path was not found.' This error was suppressed.
2026-08-14T19:06:20.700Z;B-S-W-SQL-01;warn;208;SQLSERVERAGENT;Application;SQL Server Scheduled Job 'Emergency_Cache_Warming' (0x144466B7C98DCF46A3631FFDFB46581C) - Status: Failed - Invoked on: 2026-08-14 21:00:00 - Message: The job failed. The Job was invoked by Schedule 3094 (Every_5_Min_PLE_Check). The last step to run was step 1 (Check_PLE_And_Warm2).
2026-08-14T18:55:01.936Z;B-S-W-SQL-01;warn;208;SQLSERVERAGENT;Application;SQL Server Scheduled Job 'Emergency_Cache_Warming' (0x144466B7C98DCF46A3631FFDFB46581C) - Status: Failed - Invoked on: 2026-08-14 20:45:00 - Message: The job failed. The Job was invoked by Schedule 3094 (Every_5_Min_PLE_Check). The last step to run was step 1 (Check_PLE_And_Warm2).
2026-08-14T18:26:06.526Z;B-S-W-SQL-01;warn;208;SQLSERVERAGENT;Application;SQL Server Scheduled Job 'Emergency_Cache_Warming' (0x144466B7C98DCF46A3631FFDFB46581C) - Status: Failed - Invoked on: 2026-08-14 20:20:00 - Message: The job failed. The Job was invoked by Schedule 3094 (Every_5_Min_PLE_Check). The last step to run was step 1 (Check_PLE_And_Warm2).
2026-08-14T18:15:02.243Z;B-S-W-SQL-01;warn;208;SQLSERVERAGENT;Application;SQL Server Scheduled Job 'Emergency_Cache_Warming' (0x144466B7C98DCF46A3631FFDFB46581C) - Status: Failed - Invoked on: 2026-08-14 20:05:00 - Message: The job failed. The Job was invoked by Schedule 3094 (Every_5_Min_PLE_Check). The last step to run was step 1 (Check_PLE_And_Warm2).
2026-08-14T17:45:56.810Z;B-S-W-SQL-01;warn;208;SQLSERVERAGENT;Application;SQL Server Scheduled Job 'Emergency_Cache_Warming' (0x144466B7C98DCF46A3631FFDFB46581C) - Status: Failed - Invoked on: 2026-08-14 19:40:00 - Message: The job failed. The Job was invoked by Schedule 3094 (Every_5_Min_PLE_Check). The last step to run was step 1 (Check_PLE_And_Warm2).
2026-08-14T17:35:02.023Z;B-S-W-SQL-01;warn;208;SQLSERVERAGENT;Application;SQL Server Scheduled Job 'Emergency_Cache_Warming' (0x144466B7C98DCF46A3631FFDFB46581C) - Status: Failed - Invoked on: 2026-08-14 19:25:00 - Message: The job failed. The Job was invoked by Schedule 3094 (Every_5_Min_PLE_Check). The last step to run was step 1 (Check_PLE_And_Warm2).
2026-08-14T17:19:51.260Z;B-S-W-SQL-01;warn;4098;Group Policy Drive Maps;Application;The user 'Y:' preference item in the 'MAP_Network_Drive {93585CE6-7A8B-43B2-A7BF-ABADEC939650}' Group Policy Object did not apply because it failed with error code '0x80070035 The network path was not found.' This error was suppressed.