Time;Computer;Level;Event ID;Source;Log;Message
2026-08-14T06:55:01.700Z;B-S-W-SQL-01;warn;208;SQLSERVERAGENT;Application;SQL Server Scheduled Job 'Emergency_Cache_Warming' (0x144466B7C98DCF46A3631FFDFB46581C) - Status: Failed - Invoked on: 2026-08-14 08:45:00 - Message: The job failed. The Job was invoked by Schedule 3094 (Every_5_Min_PLE_Check). The last step to run was step 1 (Check_PLE_And_Warm2).
2026-08-14T06:25:56.433Z;B-S-W-SQL-01;warn;208;SQLSERVERAGENT;Application;SQL Server Scheduled Job 'Emergency_Cache_Warming' (0x144466B7C98DCF46A3631FFDFB46581C) - Status: Failed - Invoked on: 2026-08-14 08:20:00 - Message: The job failed. The Job was invoked by Schedule 3094 (Every_5_Min_PLE_Check). The last step to run was step 1 (Check_PLE_And_Warm2).
2026-08-14T06:15:01.686Z;B-S-W-SQL-01;warn;208;SQLSERVERAGENT;Application;SQL Server Scheduled Job 'Emergency_Cache_Warming' (0x144466B7C98DCF46A3631FFDFB46581C) - Status: Failed - Invoked on: 2026-08-14 08:05:00 - Message: The job failed. The Job was invoked by Schedule 3094 (Every_5_Min_PLE_Check). The last step to run was step 1 (Check_PLE_And_Warm2).
2026-08-14T05:45:56.910Z;B-S-W-SQL-01;warn;208;SQLSERVERAGENT;Application;SQL Server Scheduled Job 'Emergency_Cache_Warming' (0x144466B7C98DCF46A3631FFDFB46581C) - Status: Failed - Invoked on: 2026-08-14 07:40:00 - Message: The job failed. The Job was invoked by Schedule 3094 (Every_5_Min_PLE_Check). The last step to run was step 1 (Check_PLE_And_Warm2).
2026-08-14T05:35:01.786Z;B-S-W-SQL-01;warn;208;SQLSERVERAGENT;Application;SQL Server Scheduled Job 'Emergency_Cache_Warming' (0x144466B7C98DCF46A3631FFDFB46581C) - Status: Failed - Invoked on: 2026-08-14 07:25:00 - Message: The job failed. The Job was invoked by Schedule 3094 (Every_5_Min_PLE_Check). The last step to run was step 1 (Check_PLE_And_Warm2).
2026-08-14T05:06:11.316Z;B-S-W-SQL-01;warn;208;SQLSERVERAGENT;Application;SQL Server Scheduled Job 'Emergency_Cache_Warming' (0x144466B7C98DCF46A3631FFDFB46581C) - Status: Failed - Invoked on: 2026-08-14 07:00:00 - Message: The job failed. The Job was invoked by Schedule 3094 (Every_5_Min_PLE_Check). The last step to run was step 1 (Check_PLE_And_Warm2).
2026-08-14T04:55:02.243Z;B-S-W-SQL-01;warn;208;SQLSERVERAGENT;Application;SQL Server Scheduled Job 'Emergency_Cache_Warming' (0x144466B7C98DCF46A3631FFDFB46581C) - Status: Failed - Invoked on: 2026-08-14 06:45:00 - Message: The job failed. The Job was invoked by Schedule 3094 (Every_5_Min_PLE_Check). The last step to run was step 1 (Check_PLE_And_Warm2).
2026-08-14T04:25:57.080Z;B-S-W-SQL-01;warn;208;SQLSERVERAGENT;Application;SQL Server Scheduled Job 'Emergency_Cache_Warming' (0x144466B7C98DCF46A3631FFDFB46581C) - Status: Failed - Invoked on: 2026-08-14 06:20:00 - Message: The job failed. The Job was invoked by Schedule 3094 (Every_5_Min_PLE_Check). The last step to run was step 1 (Check_PLE_And_Warm2).
2026-08-14T04:15:01.743Z;B-S-W-SQL-01;warn;208;SQLSERVERAGENT;Application;SQL Server Scheduled Job 'Emergency_Cache_Warming' (0x144466B7C98DCF46A3631FFDFB46581C) - Status: Failed - Invoked on: 2026-08-14 06:05:00 - Message: The job failed. The Job was invoked by Schedule 3094 (Every_5_Min_PLE_Check). The last step to run was step 1 (Check_PLE_And_Warm2).
2026-08-14T03:45:56.633Z;B-S-W-SQL-01;warn;208;SQLSERVERAGENT;Application;SQL Server Scheduled Job 'Emergency_Cache_Warming' (0x144466B7C98DCF46A3631FFDFB46581C) - Status: Failed - Invoked on: 2026-08-14 05:40:00 - Message: The job failed. The Job was invoked by Schedule 3094 (Every_5_Min_PLE_Check). The last step to run was step 1 (Check_PLE_And_Warm2).
2026-08-14T03:40:46.900Z;B-S-W-SQL-01;err;1803;Microsoft-Windows-TPM-WMI;System;"A PK-signed Key Exchange Key (KEK) cannot be found for this device. Check with the device manufacturer for proper key provisioning. This device signature information is included here. DeviceAttributes: BaseBoardManufacturer:Intel Corporation;FirmwareManufacturer:VMware, Inc.;FirmwareVersion:VMW71.00V.16707776.B64.2008070230;OEMModelNumber:VMware7,1;OEMModelBaseBoard:440BX Desktop Reference Platform;OEMModelSystemFamily:;OEMManufacturerName:VMware, Inc.;OEMModelSKU:;OSArchitecture:amd64; BucketId: c42abddf3a3802ff518f24f8dec0f7e2a2b3605404ff0d50864da0a9d2650503 BucketConfidenceLevel: High Confidence. For more information, please see https://go.microsoft.com/fwlink/?linkid=2339472"
2026-08-14T03:35:02.556Z;B-S-W-SQL-01;warn;208;SQLSERVERAGENT;Application;SQL Server Scheduled Job 'Emergency_Cache_Warming' (0x144466B7C98DCF46A3631FFDFB46581C) - Status: Failed - Invoked on: 2026-08-14 05:25:00 - Message: The job failed. The Job was invoked by Schedule 3094 (Every_5_Min_PLE_Check). The last step to run was step 1 (Check_PLE_And_Warm2).
2026-08-14T03:05:56.676Z;B-S-W-SQL-01;warn;208;SQLSERVERAGENT;Application;SQL Server Scheduled Job 'Emergency_Cache_Warming' (0x144466B7C98DCF46A3631FFDFB46581C) - Status: Failed - Invoked on: 2026-08-14 05:00:00 - Message: The job failed. The Job was invoked by Schedule 3094 (Every_5_Min_PLE_Check). The last step to run was step 1 (Check_PLE_And_Warm2).
2026-08-14T02:55:01.860Z;B-S-W-SQL-01;warn;208;SQLSERVERAGENT;Application;SQL Server Scheduled Job 'Emergency_Cache_Warming' (0x144466B7C98DCF46A3631FFDFB46581C) - Status: Failed - Invoked on: 2026-08-14 04:45:00 - Message: The job failed. The Job was invoked by Schedule 3094 (Every_5_Min_PLE_Check). The last step to run was step 1 (Check_PLE_And_Warm2).
2026-08-14T02:25:56.210Z;B-S-W-SQL-01;warn;208;SQLSERVERAGENT;Application;SQL Server Scheduled Job 'Emergency_Cache_Warming' (0x144466B7C98DCF46A3631FFDFB46581C) - Status: Failed - Invoked on: 2026-08-14 04:20:00 - Message: The job failed. The Job was invoked by Schedule 3094 (Every_5_Min_PLE_Check). The last step to run was step 1 (Check_PLE_And_Warm2).
2026-08-14T02:15:01.983Z;B-S-W-SQL-01;warn;208;SQLSERVERAGENT;Application;SQL Server Scheduled Job 'Emergency_Cache_Warming' (0x144466B7C98DCF46A3631FFDFB46581C) - Status: Failed - Invoked on: 2026-08-14 04:05:00 - Message: The job failed. The Job was invoked by Schedule 3094 (Every_5_Min_PLE_Check). The last step to run was step 1 (Check_PLE_And_Warm2).
2026-08-14T01:45:56.103Z;B-S-W-SQL-01;warn;208;SQLSERVERAGENT;Application;SQL Server Scheduled Job 'Emergency_Cache_Warming' (0x144466B7C98DCF46A3631FFDFB46581C) - Status: Failed - Invoked on: 2026-08-14 03:40:00 - Message: The job failed. The Job was invoked by Schedule 3094 (Every_5_Min_PLE_Check). The last step to run was step 1 (Check_PLE_And_Warm2).
2026-08-14T01:35:01.810Z;B-S-W-SQL-01;warn;208;SQLSERVERAGENT;Application;SQL Server Scheduled Job 'Emergency_Cache_Warming' (0x144466B7C98DCF46A3631FFDFB46581C) - Status: Failed - Invoked on: 2026-08-14 03:25:00 - Message: The job failed. The Job was invoked by Schedule 3094 (Every_5_Min_PLE_Check). The last step to run was step 1 (Check_PLE_And_Warm2).
2026-08-14T01:05:56.476Z;B-S-W-SQL-01;warn;208;SQLSERVERAGENT;Application;SQL Server Scheduled Job 'Emergency_Cache_Warming' (0x144466B7C98DCF46A3631FFDFB46581C) - Status: Failed - Invoked on: 2026-08-14 03:00:00 - Message: The job failed. The Job was invoked by Schedule 3094 (Every_5_Min_PLE_Check). The last step to run was step 1 (Check_PLE_And_Warm2).
2026-08-14T00:55:01.876Z;B-S-W-SQL-01;warn;208;SQLSERVERAGENT;Application;SQL Server Scheduled Job 'Emergency_Cache_Warming' (0x144466B7C98DCF46A3631FFDFB46581C) - Status: Failed - Invoked on: 2026-08-14 02:45:00 - Message: The job failed. The Job was invoked by Schedule 3094 (Every_5_Min_PLE_Check). The last step to run was step 1 (Check_PLE_And_Warm2).
2026-08-14T00:25:57.030Z;B-S-W-SQL-01;warn;208;SQLSERVERAGENT;Application;SQL Server Scheduled Job 'Emergency_Cache_Warming' (0x144466B7C98DCF46A3631FFDFB46581C) - Status: Failed - Invoked on: 2026-08-14 02:20:00 - Message: The job failed. The Job was invoked by Schedule 3094 (Every_5_Min_PLE_Check). The last step to run was step 1 (Check_PLE_And_Warm2).
2026-08-14T00:15:02.513Z;B-S-W-SQL-01;warn;208;SQLSERVERAGENT;Application;SQL Server Scheduled Job 'Emergency_Cache_Warming' (0x144466B7C98DCF46A3631FFDFB46581C) - Status: Failed - Invoked on: 2026-08-14 02:05:00 - Message: The job failed. The Job was invoked by Schedule 3094 (Every_5_Min_PLE_Check). The last step to run was step 1 (Check_PLE_And_Warm2).
2026-08-13T23:45:56.503Z;B-S-W-SQL-01;warn;208;SQLSERVERAGENT;Application;SQL Server Scheduled Job 'Emergency_Cache_Warming' (0x144466B7C98DCF46A3631FFDFB46581C) - Status: Failed - Invoked on: 2026-08-14 01:40:00 - Message: The job failed. The Job was invoked by Schedule 3094 (Every_5_Min_PLE_Check). The last step to run was step 1 (Check_PLE_And_Warm2).
2026-08-13T23:35:02.020Z;B-S-W-SQL-01;warn;208;SQLSERVERAGENT;Application;SQL Server Scheduled Job 'Emergency_Cache_Warming' (0x144466B7C98DCF46A3631FFDFB46581C) - Status: Failed - Invoked on: 2026-08-14 01:25:00 - Message: The job failed. The Job was invoked by Schedule 3094 (Every_5_Min_PLE_Check). The last step to run was step 1 (Check_PLE_And_Warm2).
2026-08-13T23:05:56.710Z;B-S-W-SQL-01;warn;208;SQLSERVERAGENT;Application;SQL Server Scheduled Job 'Emergency_Cache_Warming' (0x144466B7C98DCF46A3631FFDFB46581C) - Status: Failed - Invoked on: 2026-08-14 01:00:00 - Message: The job failed. The Job was invoked by Schedule 3094 (Every_5_Min_PLE_Check). The last step to run was step 1 (Check_PLE_And_Warm2).
2026-08-13T22:55:01.646Z;B-S-W-SQL-01;warn;208;SQLSERVERAGENT;Application;SQL Server Scheduled Job 'Emergency_Cache_Warming' (0x144466B7C98DCF46A3631FFDFB46581C) - Status: Failed - Invoked on: 2026-08-14 00:45:00 - Message: The job failed. The Job was invoked by Schedule 3094 (Every_5_Min_PLE_Check). The last step to run was step 1 (Check_PLE_And_Warm2).
2026-08-13T22:25:56.633Z;B-S-W-SQL-01;warn;208;SQLSERVERAGENT;Application;SQL Server Scheduled Job 'Emergency_Cache_Warming' (0x144466B7C98DCF46A3631FFDFB46581C) - Status: Failed - Invoked on: 2026-08-14 00:20:00 - Message: The job failed. The Job was invoked by Schedule 3094 (Every_5_Min_PLE_Check). The last step to run was step 1 (Check_PLE_And_Warm2).
2026-08-13T22:15:01.943Z;B-S-W-SQL-01;warn;208;SQLSERVERAGENT;Application;SQL Server Scheduled Job 'Emergency_Cache_Warming' (0x144466B7C98DCF46A3631FFDFB46581C) - Status: Failed - Invoked on: 2026-08-14 00:05:00 - Message: The job failed. The Job was invoked by Schedule 3094 (Every_5_Min_PLE_Check). The last step to run was step 1 (Check_PLE_And_Warm2).
2026-08-13T21:45:56.196Z;B-S-W-SQL-01;warn;208;SQLSERVERAGENT;Application;SQL Server Scheduled Job 'Emergency_Cache_Warming' (0x144466B7C98DCF46A3631FFDFB46581C) - Status: Failed - Invoked on: 2026-08-13 23:40:00 - Message: The job failed. The Job was invoked by Schedule 3094 (Every_5_Min_PLE_Check). The last step to run was step 1 (Check_PLE_And_Warm2).
2026-08-13T21:35:02.140Z;B-S-W-SQL-01;warn;208;SQLSERVERAGENT;Application;SQL Server Scheduled Job 'Emergency_Cache_Warming' (0x144466B7C98DCF46A3631FFDFB46581C) - Status: Failed - Invoked on: 2026-08-13 23:25:00 - Message: The job failed. The Job was invoked by Schedule 3094 (Every_5_Min_PLE_Check). The last step to run was step 1 (Check_PLE_And_Warm2).
2026-08-13T21:05:56.803Z;B-S-W-SQL-01;warn;208;SQLSERVERAGENT;Application;SQL Server Scheduled Job 'Emergency_Cache_Warming' (0x144466B7C98DCF46A3631FFDFB46581C) - Status: Failed - Invoked on: 2026-08-13 23:00:00 - Message: The job failed. The Job was invoked by Schedule 3094 (Every_5_Min_PLE_Check). The last step to run was step 1 (Check_PLE_And_Warm2).
2026-08-13T20:55:01.186Z;B-S-W-SQL-01;warn;208;SQLSERVERAGENT;Application;SQL Server Scheduled Job 'Emergency_Cache_Warming' (0x144466B7C98DCF46A3631FFDFB46581C) - Status: Failed - Invoked on: 2026-08-13 22:45:00 - Message: The job failed. The Job was invoked by Schedule 3094 (Every_5_Min_PLE_Check). The last step to run was step 1 (Check_PLE_And_Warm2).
2026-08-13T20:25:57.076Z;B-S-W-SQL-01;warn;208;SQLSERVERAGENT;Application;SQL Server Scheduled Job 'Emergency_Cache_Warming' (0x144466B7C98DCF46A3631FFDFB46581C) - Status: Failed - Invoked on: 2026-08-13 22:20:00 - Message: The job failed. The Job was invoked by Schedule 3094 (Every_5_Min_PLE_Check). The last step to run was step 1 (Check_PLE_And_Warm2).
2026-08-13T20:15:01.666Z;B-S-W-SQL-01;warn;208;SQLSERVERAGENT;Application;SQL Server Scheduled Job 'Emergency_Cache_Warming' (0x144466B7C98DCF46A3631FFDFB46581C) - Status: Failed - Invoked on: 2026-08-13 22:05:00 - Message: The job failed. The Job was invoked by Schedule 3094 (Every_5_Min_PLE_Check). The last step to run was step 1 (Check_PLE_And_Warm2).
2026-08-13T19:45:56.776Z;B-S-W-SQL-01;warn;208;SQLSERVERAGENT;Application;SQL Server Scheduled Job 'Emergency_Cache_Warming' (0x144466B7C98DCF46A3631FFDFB46581C) - Status: Failed - Invoked on: 2026-08-13 21:40:00 - Message: The job failed. The Job was invoked by Schedule 3094 (Every_5_Min_PLE_Check). The last step to run was step 1 (Check_PLE_And_Warm2).
2026-08-13T19:35:02.236Z;B-S-W-SQL-01;warn;208;SQLSERVERAGENT;Application;SQL Server Scheduled Job 'Emergency_Cache_Warming' (0x144466B7C98DCF46A3631FFDFB46581C) - Status: Failed - Invoked on: 2026-08-13 21:25:00 - Message: The job failed. The Job was invoked by Schedule 3094 (Every_5_Min_PLE_Check). The last step to run was step 1 (Check_PLE_And_Warm2).
2026-08-13T19:06:16.330Z;B-S-W-SQL-01;warn;208;SQLSERVERAGENT;Application;SQL Server Scheduled Job 'Emergency_Cache_Warming' (0x144466B7C98DCF46A3631FFDFB46581C) - Status: Failed - Invoked on: 2026-08-13 21:00:00 - Message: The job failed. The Job was invoked by Schedule 3094 (Every_5_Min_PLE_Check). The last step to run was step 1 (Check_PLE_And_Warm2).
2026-08-13T18:55:02.150Z;B-S-W-SQL-01;warn;208;SQLSERVERAGENT;Application;SQL Server Scheduled Job 'Emergency_Cache_Warming' (0x144466B7C98DCF46A3631FFDFB46581C) - Status: Failed - Invoked on: 2026-08-13 20:45:00 - Message: The job failed. The Job was invoked by Schedule 3094 (Every_5_Min_PLE_Check). The last step to run was step 1 (Check_PLE_And_Warm2).
2026-08-13T18:26:06.996Z;B-S-W-SQL-01;warn;208;SQLSERVERAGENT;Application;SQL Server Scheduled Job 'Emergency_Cache_Warming' (0x144466B7C98DCF46A3631FFDFB46581C) - Status: Failed - Invoked on: 2026-08-13 20:20:00 - Message: The job failed. The Job was invoked by Schedule 3094 (Every_5_Min_PLE_Check). The last step to run was step 1 (Check_PLE_And_Warm2).
2026-08-13T18:15:01.793Z;B-S-W-SQL-01;warn;208;SQLSERVERAGENT;Application;SQL Server Scheduled Job 'Emergency_Cache_Warming' (0x144466B7C98DCF46A3631FFDFB46581C) - Status: Failed - Invoked on: 2026-08-13 20:05:00 - Message: The job failed. The Job was invoked by Schedule 3094 (Every_5_Min_PLE_Check). The last step to run was step 1 (Check_PLE_And_Warm2).
2026-08-13T17:45:56.780Z;B-S-W-SQL-01;warn;208;SQLSERVERAGENT;Application;SQL Server Scheduled Job 'Emergency_Cache_Warming' (0x144466B7C98DCF46A3631FFDFB46581C) - Status: Failed - Invoked on: 2026-08-13 19:40:00 - Message: The job failed. The Job was invoked by Schedule 3094 (Every_5_Min_PLE_Check). The last step to run was step 1 (Check_PLE_And_Warm2).
2026-08-13T17:35:02.050Z;B-S-W-SQL-01;warn;208;SQLSERVERAGENT;Application;SQL Server Scheduled Job 'Emergency_Cache_Warming' (0x144466B7C98DCF46A3631FFDFB46581C) - Status: Failed - Invoked on: 2026-08-13 19:25:00 - Message: The job failed. The Job was invoked by Schedule 3094 (Every_5_Min_PLE_Check). The last step to run was step 1 (Check_PLE_And_Warm2).
2026-08-13T17:12:52.863Z;B-S-W-SQL-01;err;1511;Microsoft-Windows-User Profiles Service;Application;Windows cannot find the local profile and is logging you on with a temporary profile. Changes you make to this profile will be lost when you log off.
2026-08-13T17:06:01.613Z;B-S-W-SQL-01;warn;208;SQLSERVERAGENT;Application;SQL Server Scheduled Job 'Emergency_Cache_Warming' (0x144466B7C98DCF46A3631FFDFB46581C) - Status: Failed - Invoked on: 2026-08-13 19:00:00 - Message: The job failed. The Job was invoked by Schedule 3094 (Every_5_Min_PLE_Check). The last step to run was step 1 (Check_PLE_And_Warm2).
2026-08-13T16:55:02.036Z;B-S-W-SQL-01;warn;208;SQLSERVERAGENT;Application;SQL Server Scheduled Job 'Emergency_Cache_Warming' (0x144466B7C98DCF46A3631FFDFB46581C) - Status: Failed - Invoked on: 2026-08-13 18:45:00 - Message: The job failed. The Job was invoked by Schedule 3094 (Every_5_Min_PLE_Check). The last step to run was step 1 (Check_PLE_And_Warm2).
2026-08-13T16:42:51.010Z;B-S-W-SQL-01;err;1511;Microsoft-Windows-User Profiles Service;Application;Windows cannot find the local profile and is logging you on with a temporary profile. Changes you make to this profile will be lost when you log off.
2026-08-13T16:42:49.086Z;B-S-W-SQL-01;err;1511;Microsoft-Windows-User Profiles Service;Application;Windows cannot find the local profile and is logging you on with a temporary profile. Changes you make to this profile will be lost when you log off.
2026-08-13T16:42:47.476Z;B-S-W-SQL-01;err;1511;Microsoft-Windows-User Profiles Service;Application;Windows cannot find the local profile and is logging you on with a temporary profile. Changes you make to this profile will be lost when you log off.
2026-08-13T16:42:44.676Z;B-S-W-SQL-01;err;1511;Microsoft-Windows-User Profiles Service;Application;Windows cannot find the local profile and is logging you on with a temporary profile. Changes you make to this profile will be lost when you log off.
2026-08-13T16:42:42.943Z;B-S-W-SQL-01;err;1511;Microsoft-Windows-User Profiles Service;Application;Windows cannot find the local profile and is logging you on with a temporary profile. Changes you make to this profile will be lost when you log off.
2026-08-13T16:42:40.906Z;B-S-W-SQL-01;err;1511;Microsoft-Windows-User Profiles Service;Application;Windows cannot find the local profile and is logging you on with a temporary profile. Changes you make to this profile will be lost when you log off.
2026-08-13T16:42:39.186Z;B-S-W-SQL-01;err;1511;Microsoft-Windows-User Profiles Service;Application;Windows cannot find the local profile and is logging you on with a temporary profile. Changes you make to this profile will be lost when you log off.
2026-08-13T16:42:36.350Z;B-S-W-SQL-01;err;1511;Microsoft-Windows-User Profiles Service;Application;Windows cannot find the local profile and is logging you on with a temporary profile. Changes you make to this profile will be lost when you log off.
2026-08-13T16:42:34.610Z;B-S-W-SQL-01;err;1511;Microsoft-Windows-User Profiles Service;Application;Windows cannot find the local profile and is logging you on with a temporary profile. Changes you make to this profile will be lost when you log off.
2026-08-13T16:42:32.850Z;B-S-W-SQL-01;err;1511;Microsoft-Windows-User Profiles Service;Application;Windows cannot find the local profile and is logging you on with a temporary profile. Changes you make to this profile will be lost when you log off.
2026-08-13T16:42:31.256Z;B-S-W-SQL-01;err;1511;Microsoft-Windows-User Profiles Service;Application;Windows cannot find the local profile and is logging you on with a temporary profile. Changes you make to this profile will be lost when you log off.
2026-08-13T16:42:28.486Z;B-S-W-SQL-01;err;1511;Microsoft-Windows-User Profiles Service;Application;Windows cannot find the local profile and is logging you on with a temporary profile. Changes you make to this profile will be lost when you log off.
2026-08-13T16:42:26.690Z;B-S-W-SQL-01;err;1511;Microsoft-Windows-User Profiles Service;Application;Windows cannot find the local profile and is logging you on with a temporary profile. Changes you make to this profile will be lost when you log off.
2026-08-13T16:42:24.846Z;B-S-W-SQL-01;err;1511;Microsoft-Windows-User Profiles Service;Application;Windows cannot find the local profile and is logging you on with a temporary profile. Changes you make to this profile will be lost when you log off.
2026-08-13T16:42:23.256Z;B-S-W-SQL-01;err;1511;Microsoft-Windows-User Profiles Service;Application;Windows cannot find the local profile and is logging you on with a temporary profile. Changes you make to this profile will be lost when you log off.
2026-08-13T16:42:20.380Z;B-S-W-SQL-01;err;1511;Microsoft-Windows-User Profiles Service;Application;Windows cannot find the local profile and is logging you on with a temporary profile. Changes you make to this profile will be lost when you log off.
2026-08-13T16:42:16.723Z;B-S-W-SQL-01;err;1511;Microsoft-Windows-User Profiles Service;Application;Windows cannot find the local profile and is logging you on with a temporary profile. Changes you make to this profile will be lost when you log off.
2026-08-13T16:42:15.066Z;B-S-W-SQL-01;err;1511;Microsoft-Windows-User Profiles Service;Application;Windows cannot find the local profile and is logging you on with a temporary profile. Changes you make to this profile will be lost when you log off.
2026-08-13T16:42:13.346Z;B-S-W-SQL-01;err;1511;Microsoft-Windows-User Profiles Service;Application;Windows cannot find the local profile and is logging you on with a temporary profile. Changes you make to this profile will be lost when you log off.
2026-08-13T16:42:11.926Z;B-S-W-SQL-01;err;1511;Microsoft-Windows-User Profiles Service;Application;Windows cannot find the local profile and is logging you on with a temporary profile. Changes you make to this profile will be lost when you log off.
2026-08-13T16:42:10.243Z;B-S-W-SQL-01;err;1511;Microsoft-Windows-User Profiles Service;Application;Windows cannot find the local profile and is logging you on with a temporary profile. Changes you make to this profile will be lost when you log off.
2026-08-13T16:25:56.070Z;B-S-W-SQL-01;warn;208;SQLSERVERAGENT;Application;SQL Server Scheduled Job 'Emergency_Cache_Warming' (0x144466B7C98DCF46A3631FFDFB46581C) - Status: Failed - Invoked on: 2026-08-13 18:20:00 - Message: The job failed. The Job was invoked by Schedule 3094 (Every_5_Min_PLE_Check). The last step to run was step 1 (Check_PLE_And_Warm2).
2026-08-13T16:15:02.243Z;B-S-W-SQL-01;warn;208;SQLSERVERAGENT;Application;SQL Server Scheduled Job 'Emergency_Cache_Warming' (0x144466B7C98DCF46A3631FFDFB46581C) - Status: Failed - Invoked on: 2026-08-13 18:05:00 - Message: The job failed. The Job was invoked by Schedule 3094 (Every_5_Min_PLE_Check). The last step to run was step 1 (Check_PLE_And_Warm2).
2026-08-13T15:45:56.273Z;B-S-W-SQL-01;warn;208;SQLSERVERAGENT;Application;SQL Server Scheduled Job 'Emergency_Cache_Warming' (0x144466B7C98DCF46A3631FFDFB46581C) - Status: Failed - Invoked on: 2026-08-13 17:40:00 - Message: The job failed. The Job was invoked by Schedule 3094 (Every_5_Min_PLE_Check). The last step to run was step 1 (Check_PLE_And_Warm2).
2026-08-13T15:40:46.866Z;B-S-W-SQL-01;err;1803;Microsoft-Windows-TPM-WMI;System;"A PK-signed Key Exchange Key (KEK) cannot be found for this device. Check with the device manufacturer for proper key provisioning. This device signature information is included here. DeviceAttributes: BaseBoardManufacturer:Intel Corporation;FirmwareManufacturer:VMware, Inc.;FirmwareVersion:VMW71.00V.16707776.B64.2008070230;OEMModelNumber:VMware7,1;OEMModelBaseBoard:440BX Desktop Reference Platform;OEMModelSystemFamily:;OEMManufacturerName:VMware, Inc.;OEMModelSKU:;OSArchitecture:amd64; BucketId: c42abddf3a3802ff518f24f8dec0f7e2a2b3605404ff0d50864da0a9d2650503 BucketConfidenceLevel: High Confidence. For more information, please see https://go.microsoft.com/fwlink/?linkid=2339472"
2026-08-13T15:35:01.896Z;B-S-W-SQL-01;warn;208;SQLSERVERAGENT;Application;SQL Server Scheduled Job 'Emergency_Cache_Warming' (0x144466B7C98DCF46A3631FFDFB46581C) - Status: Failed - Invoked on: 2026-08-13 17:25:00 - Message: The job failed. The Job was invoked by Schedule 3094 (Every_5_Min_PLE_Check). The last step to run was step 1 (Check_PLE_And_Warm2).
2026-08-13T15:05:57.066Z;B-S-W-SQL-01;warn;208;SQLSERVERAGENT;Application;SQL Server Scheduled Job 'Emergency_Cache_Warming' (0x144466B7C98DCF46A3631FFDFB46581C) - Status: Failed - Invoked on: 2026-08-13 17:00:01 - Message: The job failed. The Job was invoked by Schedule 3094 (Every_5_Min_PLE_Check). The last step to run was step 1 (Check_PLE_And_Warm2).
2026-08-13T14:55:02.480Z;B-S-W-SQL-01;warn;208;SQLSERVERAGENT;Application;SQL Server Scheduled Job 'Emergency_Cache_Warming' (0x144466B7C98DCF46A3631FFDFB46581C) - Status: Failed - Invoked on: 2026-08-13 16:45:00 - Message: The job failed. The Job was invoked by Schedule 3094 (Every_5_Min_PLE_Check). The last step to run was step 1 (Check_PLE_And_Warm2).
2026-08-13T14:25:55.966Z;B-S-W-SQL-01;warn;208;SQLSERVERAGENT;Application;SQL Server Scheduled Job 'Emergency_Cache_Warming' (0x144466B7C98DCF46A3631FFDFB46581C) - Status: Failed - Invoked on: 2026-08-13 16:20:00 - Message: The job failed. The Job was invoked by Schedule 3094 (Every_5_Min_PLE_Check). The last step to run was step 1 (Check_PLE_And_Warm2).
2026-08-13T14:15:02.120Z;B-S-W-SQL-01;warn;208;SQLSERVERAGENT;Application;SQL Server Scheduled Job 'Emergency_Cache_Warming' (0x144466B7C98DCF46A3631FFDFB46581C) - Status: Failed - Invoked on: 2026-08-13 16:05:00 - Message: The job failed. The Job was invoked by Schedule 3094 (Every_5_Min_PLE_Check). The last step to run was step 1 (Check_PLE_And_Warm2).
2026-08-13T13:45:56.063Z;B-S-W-SQL-01;warn;208;SQLSERVERAGENT;Application;SQL Server Scheduled Job 'Emergency_Cache_Warming' (0x144466B7C98DCF46A3631FFDFB46581C) - Status: Failed - Invoked on: 2026-08-13 15:40:00 - Message: The job failed. The Job was invoked by Schedule 3094 (Every_5_Min_PLE_Check). The last step to run was step 1 (Check_PLE_And_Warm2).
2026-08-13T13:35:01.033Z;B-S-W-SQL-01;warn;208;SQLSERVERAGENT;Application;SQL Server Scheduled Job 'Emergency_Cache_Warming' (0x144466B7C98DCF46A3631FFDFB46581C) - Status: Failed - Invoked on: 2026-08-13 15:25:00 - Message: The job failed. The Job was invoked by Schedule 3094 (Every_5_Min_PLE_Check). The last step to run was step 1 (Check_PLE_And_Warm2).
2026-08-13T13:05:56.326Z;B-S-W-SQL-01;warn;208;SQLSERVERAGENT;Application;SQL Server Scheduled Job 'Emergency_Cache_Warming' (0x144466B7C98DCF46A3631FFDFB46581C) - Status: Failed - Invoked on: 2026-08-13 15:00:00 - Message: The job failed. The Job was invoked by Schedule 3094 (Every_5_Min_PLE_Check). The last step to run was step 1 (Check_PLE_And_Warm2).
2026-08-13T12:55:01.860Z;B-S-W-SQL-01;warn;208;SQLSERVERAGENT;Application;SQL Server Scheduled Job 'Emergency_Cache_Warming' (0x144466B7C98DCF46A3631FFDFB46581C) - Status: Failed - Invoked on: 2026-08-13 14:45:00 - Message: The job failed. The Job was invoked by Schedule 3094 (Every_5_Min_PLE_Check). The last step to run was step 1 (Check_PLE_And_Warm2).
2026-08-13T12:25:56.556Z;B-S-W-SQL-01;warn;208;SQLSERVERAGENT;Application;SQL Server Scheduled Job 'Emergency_Cache_Warming' (0x144466B7C98DCF46A3631FFDFB46581C) - Status: Failed - Invoked on: 2026-08-13 14:20:00 - Message: The job failed. The Job was invoked by Schedule 3094 (Every_5_Min_PLE_Check). The last step to run was step 1 (Check_PLE_And_Warm2).
2026-08-13T12:15:01.903Z;B-S-W-SQL-01;warn;208;SQLSERVERAGENT;Application;SQL Server Scheduled Job 'Emergency_Cache_Warming' (0x144466B7C98DCF46A3631FFDFB46581C) - Status: Failed - Invoked on: 2026-08-13 14:05:00 - Message: The job failed. The Job was invoked by Schedule 3094 (Every_5_Min_PLE_Check). The last step to run was step 1 (Check_PLE_And_Warm2).
2026-08-13T11:45:56.730Z;B-S-W-SQL-01;warn;208;SQLSERVERAGENT;Application;SQL Server Scheduled Job 'Emergency_Cache_Warming' (0x144466B7C98DCF46A3631FFDFB46581C) - Status: Failed - Invoked on: 2026-08-13 13:40:00 - Message: The job failed. The Job was invoked by Schedule 3094 (Every_5_Min_PLE_Check). The last step to run was step 1 (Check_PLE_And_Warm2).
2026-08-13T11:35:02.516Z;B-S-W-SQL-01;warn;208;SQLSERVERAGENT;Application;SQL Server Scheduled Job 'Emergency_Cache_Warming' (0x144466B7C98DCF46A3631FFDFB46581C) - Status: Failed - Invoked on: 2026-08-13 13:25:00 - Message: The job failed. The Job was invoked by Schedule 3094 (Every_5_Min_PLE_Check). The last step to run was step 1 (Check_PLE_And_Warm2).
2026-08-13T11:05:56.976Z;B-S-W-SQL-01;warn;208;SQLSERVERAGENT;Application;SQL Server Scheduled Job 'Emergency_Cache_Warming' (0x144466B7C98DCF46A3631FFDFB46581C) - Status: Failed - Invoked on: 2026-08-13 13:00:00 - Message: The job failed. The Job was invoked by Schedule 3094 (Every_5_Min_PLE_Check). The last step to run was step 1 (Check_PLE_And_Warm2).
2026-08-13T10:55:01.680Z;B-S-W-SQL-01;warn;208;SQLSERVERAGENT;Application;SQL Server Scheduled Job 'Emergency_Cache_Warming' (0x144466B7C98DCF46A3631FFDFB46581C) - Status: Failed - Invoked on: 2026-08-13 12:45:00 - Message: The job failed. The Job was invoked by Schedule 3094 (Every_5_Min_PLE_Check). The last step to run was step 1 (Check_PLE_And_Warm2).
2026-08-13T10:26:06.846Z;B-S-W-SQL-01;warn;208;SQLSERVERAGENT;Application;SQL Server Scheduled Job 'Emergency_Cache_Warming' (0x144466B7C98DCF46A3631FFDFB46581C) - Status: Failed - Invoked on: 2026-08-13 12:20:00 - Message: The job failed. The Job was invoked by Schedule 3094 (Every_5_Min_PLE_Check). The last step to run was step 1 (Check_PLE_And_Warm2).
2026-08-13T10:15:01.856Z;B-S-W-SQL-01;warn;208;SQLSERVERAGENT;Application;SQL Server Scheduled Job 'Emergency_Cache_Warming' (0x144466B7C98DCF46A3631FFDFB46581C) - Status: Failed - Invoked on: 2026-08-13 12:05:00 - Message: The job failed. The Job was invoked by Schedule 3094 (Every_5_Min_PLE_Check). The last step to run was step 1 (Check_PLE_And_Warm2).
2026-08-13T09:45:56.596Z;B-S-W-SQL-01;warn;208;SQLSERVERAGENT;Application;SQL Server Scheduled Job 'Emergency_Cache_Warming' (0x144466B7C98DCF46A3631FFDFB46581C) - Status: Failed - Invoked on: 2026-08-13 11:40:00 - Message: The job failed. The Job was invoked by Schedule 3094 (Every_5_Min_PLE_Check). The last step to run was step 1 (Check_PLE_And_Warm2).
2026-08-13T09:35:02.570Z;B-S-W-SQL-01;warn;208;SQLSERVERAGENT;Application;SQL Server Scheduled Job 'Emergency_Cache_Warming' (0x144466B7C98DCF46A3631FFDFB46581C) - Status: Failed - Invoked on: 2026-08-13 11:25:00 - Message: The job failed. The Job was invoked by Schedule 3094 (Every_5_Min_PLE_Check). The last step to run was step 1 (Check_PLE_And_Warm2).
2026-08-13T09:05:56.373Z;B-S-W-SQL-01;warn;208;SQLSERVERAGENT;Application;SQL Server Scheduled Job 'Emergency_Cache_Warming' (0x144466B7C98DCF46A3631FFDFB46581C) - Status: Failed - Invoked on: 2026-08-13 11:00:00 - Message: The job failed. The Job was invoked by Schedule 3094 (Every_5_Min_PLE_Check). The last step to run was step 1 (Check_PLE_And_Warm2).
2026-08-13T08:55:02.266Z;B-S-W-SQL-01;warn;208;SQLSERVERAGENT;Application;SQL Server Scheduled Job 'Emergency_Cache_Warming' (0x144466B7C98DCF46A3631FFDFB46581C) - Status: Failed - Invoked on: 2026-08-13 10:45:00 - Message: The job failed. The Job was invoked by Schedule 3094 (Every_5_Min_PLE_Check). The last step to run was step 1 (Check_PLE_And_Warm2).
2026-08-13T08:26:01.123Z;B-S-W-SQL-01;warn;208;SQLSERVERAGENT;Application;SQL Server Scheduled Job 'Emergency_Cache_Warming' (0x144466B7C98DCF46A3631FFDFB46581C) - Status: Failed - Invoked on: 2026-08-13 10:20:00 - Message: The job failed. The Job was invoked by Schedule 3094 (Every_5_Min_PLE_Check). The last step to run was step 1 (Check_PLE_And_Warm2).
2026-08-13T08:15:01.676Z;B-S-W-SQL-01;warn;208;SQLSERVERAGENT;Application;SQL Server Scheduled Job 'Emergency_Cache_Warming' (0x144466B7C98DCF46A3631FFDFB46581C) - Status: Failed - Invoked on: 2026-08-13 10:05:00 - Message: The job failed. The Job was invoked by Schedule 3094 (Every_5_Min_PLE_Check). The last step to run was step 1 (Check_PLE_And_Warm2).
2026-08-13T07:45:56.300Z;B-S-W-SQL-01;warn;208;SQLSERVERAGENT;Application;SQL Server Scheduled Job 'Emergency_Cache_Warming' (0x144466B7C98DCF46A3631FFDFB46581C) - Status: Failed - Invoked on: 2026-08-13 09:40:00 - Message: The job failed. The Job was invoked by Schedule 3094 (Every_5_Min_PLE_Check). The last step to run was step 1 (Check_PLE_And_Warm2).
2026-08-13T07:35:01.986Z;B-S-W-SQL-01;warn;208;SQLSERVERAGENT;Application;SQL Server Scheduled Job 'Emergency_Cache_Warming' (0x144466B7C98DCF46A3631FFDFB46581C) - Status: Failed - Invoked on: 2026-08-13 09:25:00 - Message: The job failed. The Job was invoked by Schedule 3094 (Every_5_Min_PLE_Check). The last step to run was step 1 (Check_PLE_And_Warm2).
2026-08-13T07:05:56.293Z;B-S-W-SQL-01;warn;208;SQLSERVERAGENT;Application;SQL Server Scheduled Job 'Emergency_Cache_Warming' (0x144466B7C98DCF46A3631FFDFB46581C) - Status: Failed - Invoked on: 2026-08-13 09:00:00 - Message: The job failed. The Job was invoked by Schedule 3094 (Every_5_Min_PLE_Check). The last step to run was step 1 (Check_PLE_And_Warm2).
2026-08-13T06:55:02.333Z;B-S-W-SQL-01;warn;208;SQLSERVERAGENT;Application;SQL Server Scheduled Job 'Emergency_Cache_Warming' (0x144466B7C98DCF46A3631FFDFB46581C) - Status: Failed - Invoked on: 2026-08-13 08:45:00 - Message: The job failed. The Job was invoked by Schedule 3094 (Every_5_Min_PLE_Check). The last step to run was step 1 (Check_PLE_And_Warm2).
2026-08-13T06:25:56.496Z;B-S-W-SQL-01;warn;208;SQLSERVERAGENT;Application;SQL Server Scheduled Job 'Emergency_Cache_Warming' (0x144466B7C98DCF46A3631FFDFB46581C) - Status: Failed - Invoked on: 2026-08-13 08:20:00 - Message: The job failed. The Job was invoked by Schedule 3094 (Every_5_Min_PLE_Check). The last step to run was step 1 (Check_PLE_And_Warm2).
2026-08-13T06:15:02.520Z;B-S-W-SQL-01;warn;208;SQLSERVERAGENT;Application;SQL Server Scheduled Job 'Emergency_Cache_Warming' (0x144466B7C98DCF46A3631FFDFB46581C) - Status: Failed - Invoked on: 2026-08-13 08:05:00 - Message: The job failed. The Job was invoked by Schedule 3094 (Every_5_Min_PLE_Check). The last step to run was step 1 (Check_PLE_And_Warm2).
2026-08-13T05:46:01.713Z;B-S-W-SQL-01;warn;208;SQLSERVERAGENT;Application;SQL Server Scheduled Job 'Emergency_Cache_Warming' (0x144466B7C98DCF46A3631FFDFB46581C) - Status: Failed - Invoked on: 2026-08-13 07:40:00 - Message: The job failed. The Job was invoked by Schedule 3094 (Every_5_Min_PLE_Check). The last step to run was step 1 (Check_PLE_And_Warm2).
2026-08-13T05:35:02.000Z;B-S-W-SQL-01;warn;208;SQLSERVERAGENT;Application;SQL Server Scheduled Job 'Emergency_Cache_Warming' (0x144466B7C98DCF46A3631FFDFB46581C) - Status: Failed - Invoked on: 2026-08-13 07:25:00 - Message: The job failed. The Job was invoked by Schedule 3094 (Every_5_Min_PLE_Check). The last step to run was step 1 (Check_PLE_And_Warm2).
2026-08-13T05:05:56.826Z;B-S-W-SQL-01;warn;208;SQLSERVERAGENT;Application;SQL Server Scheduled Job 'Emergency_Cache_Warming' (0x144466B7C98DCF46A3631FFDFB46581C) - Status: Failed - Invoked on: 2026-08-13 07:00:00 - Message: The job failed. The Job was invoked by Schedule 3094 (Every_5_Min_PLE_Check). The last step to run was step 1 (Check_PLE_And_Warm2).
2026-08-13T04:55:01.283Z;B-S-W-SQL-01;warn;208;SQLSERVERAGENT;Application;SQL Server Scheduled Job 'Emergency_Cache_Warming' (0x144466B7C98DCF46A3631FFDFB46581C) - Status: Failed - Invoked on: 2026-08-13 06:45:00 - Message: The job failed. The Job was invoked by Schedule 3094 (Every_5_Min_PLE_Check). The last step to run was step 1 (Check_PLE_And_Warm2).
2026-08-13T04:25:56.793Z;B-S-W-SQL-01;warn;208;SQLSERVERAGENT;Application;SQL Server Scheduled Job 'Emergency_Cache_Warming' (0x144466B7C98DCF46A3631FFDFB46581C) - Status: Failed - Invoked on: 2026-08-13 06:20:00 - Message: The job failed. The Job was invoked by Schedule 3094 (Every_5_Min_PLE_Check). The last step to run was step 1 (Check_PLE_And_Warm2).
2026-08-13T04:15:02.490Z;B-S-W-SQL-01;warn;208;SQLSERVERAGENT;Application;SQL Server Scheduled Job 'Emergency_Cache_Warming' (0x144466B7C98DCF46A3631FFDFB46581C) - Status: Failed - Invoked on: 2026-08-13 06:05:00 - Message: The job failed. The Job was invoked by Schedule 3094 (Every_5_Min_PLE_Check). The last step to run was step 1 (Check_PLE_And_Warm2).
2026-08-13T03:45:56.470Z;B-S-W-SQL-01;warn;208;SQLSERVERAGENT;Application;SQL Server Scheduled Job 'Emergency_Cache_Warming' (0x144466B7C98DCF46A3631FFDFB46581C) - Status: Failed - Invoked on: 2026-08-13 05:40:00 - Message: The job failed. The Job was invoked by Schedule 3094 (Every_5_Min_PLE_Check). The last step to run was step 1 (Check_PLE_And_Warm2).
2026-08-13T03:40:46.926Z;B-S-W-SQL-01;err;1803;Microsoft-Windows-TPM-WMI;System;"A PK-signed Key Exchange Key (KEK) cannot be found for this device. Check with the device manufacturer for proper key provisioning. This device signature information is included here. DeviceAttributes: BaseBoardManufacturer:Intel Corporation;FirmwareManufacturer:VMware, Inc.;FirmwareVersion:VMW71.00V.16707776.B64.2008070230;OEMModelNumber:VMware7,1;OEMModelBaseBoard:440BX Desktop Reference Platform;OEMModelSystemFamily:;OEMManufacturerName:VMware, Inc.;OEMModelSKU:;OSArchitecture:amd64; BucketId: c42abddf3a3802ff518f24f8dec0f7e2a2b3605404ff0d50864da0a9d2650503 BucketConfidenceLevel: High Confidence. For more information, please see https://go.microsoft.com/fwlink/?linkid=2339472"
2026-08-13T03:35:02.140Z;B-S-W-SQL-01;warn;208;SQLSERVERAGENT;Application;SQL Server Scheduled Job 'Emergency_Cache_Warming' (0x144466B7C98DCF46A3631FFDFB46581C) - Status: Failed - Invoked on: 2026-08-13 05:25:00 - Message: The job failed. The Job was invoked by Schedule 3094 (Every_5_Min_PLE_Check). The last step to run was step 1 (Check_PLE_And_Warm2).
2026-08-13T03:05:56.780Z;B-S-W-SQL-01;warn;208;SQLSERVERAGENT;Application;SQL Server Scheduled Job 'Emergency_Cache_Warming' (0x144466B7C98DCF46A3631FFDFB46581C) - Status: Failed - Invoked on: 2026-08-13 05:00:00 - Message: The job failed. The Job was invoked by Schedule 3094 (Every_5_Min_PLE_Check). The last step to run was step 1 (Check_PLE_And_Warm2).
2026-08-13T02:55:01.770Z;B-S-W-SQL-01;warn;208;SQLSERVERAGENT;Application;SQL Server Scheduled Job 'Emergency_Cache_Warming' (0x144466B7C98DCF46A3631FFDFB46581C) - Status: Failed - Invoked on: 2026-08-13 04:45:00 - Message: The job failed. The Job was invoked by Schedule 3094 (Every_5_Min_PLE_Check). The last step to run was step 1 (Check_PLE_And_Warm2).
2026-08-13T02:25:56.190Z;B-S-W-SQL-01;warn;208;SQLSERVERAGENT;Application;SQL Server Scheduled Job 'Emergency_Cache_Warming' (0x144466B7C98DCF46A3631FFDFB46581C) - Status: Failed - Invoked on: 2026-08-13 04:20:00 - Message: The job failed. The Job was invoked by Schedule 3094 (Every_5_Min_PLE_Check). The last step to run was step 1 (Check_PLE_And_Warm2).
2026-08-13T02:15:02.156Z;B-S-W-SQL-01;warn;208;SQLSERVERAGENT;Application;SQL Server Scheduled Job 'Emergency_Cache_Warming' (0x144466B7C98DCF46A3631FFDFB46581C) - Status: Failed - Invoked on: 2026-08-13 04:05:00 - Message: The job failed. The Job was invoked by Schedule 3094 (Every_5_Min_PLE_Check). The last step to run was step 1 (Check_PLE_And_Warm2).
2026-08-13T01:45:56.203Z;B-S-W-SQL-01;warn;208;SQLSERVERAGENT;Application;SQL Server Scheduled Job 'Emergency_Cache_Warming' (0x144466B7C98DCF46A3631FFDFB46581C) - Status: Failed - Invoked on: 2026-08-13 03:40:00 - Message: The job failed. The Job was invoked by Schedule 3094 (Every_5_Min_PLE_Check). The last step to run was step 1 (Check_PLE_And_Warm2).
2026-08-13T01:35:02.490Z;B-S-W-SQL-01;warn;208;SQLSERVERAGENT;Application;SQL Server Scheduled Job 'Emergency_Cache_Warming' (0x144466B7C98DCF46A3631FFDFB46581C) - Status: Failed - Invoked on: 2026-08-13 03:25:00 - Message: The job failed. The Job was invoked by Schedule 3094 (Every_5_Min_PLE_Check). The last step to run was step 1 (Check_PLE_And_Warm2).
2026-08-13T01:05:56.393Z;B-S-W-SQL-01;warn;208;SQLSERVERAGENT;Application;SQL Server Scheduled Job 'Emergency_Cache_Warming' (0x144466B7C98DCF46A3631FFDFB46581C) - Status: Failed - Invoked on: 2026-08-13 03:00:00 - Message: The job failed. The Job was invoked by Schedule 3094 (Every_5_Min_PLE_Check). The last step to run was step 1 (Check_PLE_And_Warm2).
2026-08-13T00:55:01.643Z;B-S-W-SQL-01;warn;208;SQLSERVERAGENT;Application;SQL Server Scheduled Job 'Emergency_Cache_Warming' (0x144466B7C98DCF46A3631FFDFB46581C) - Status: Failed - Invoked on: 2026-08-13 02:45:00 - Message: The job failed. The Job was invoked by Schedule 3094 (Every_5_Min_PLE_Check). The last step to run was step 1 (Check_PLE_And_Warm2).
2026-08-13T00:25:56.246Z;B-S-W-SQL-01;warn;208;SQLSERVERAGENT;Application;SQL Server Scheduled Job 'Emergency_Cache_Warming' (0x144466B7C98DCF46A3631FFDFB46581C) - Status: Failed - Invoked on: 2026-08-13 02:20:00 - Message: The job failed. The Job was invoked by Schedule 3094 (Every_5_Min_PLE_Check). The last step to run was step 1 (Check_PLE_And_Warm2).
2026-08-13T00:15:02.626Z;B-S-W-SQL-01;warn;208;SQLSERVERAGENT;Application;SQL Server Scheduled Job 'Emergency_Cache_Warming' (0x144466B7C98DCF46A3631FFDFB46581C) - Status: Failed - Invoked on: 2026-08-13 02:05:00 - Message: The job failed. The Job was invoked by Schedule 3094 (Every_5_Min_PLE_Check). The last step to run was step 1 (Check_PLE_And_Warm2).
2026-08-12T23:46:46.380Z;B-S-W-SQL-01;warn;208;SQLSERVERAGENT;Application;SQL Server Scheduled Job 'Emergency_Cache_Warming' (0x144466B7C98DCF46A3631FFDFB46581C) - Status: Failed - Invoked on: 2026-08-13 01:40:00 - Message: The job failed. The Job was invoked by Schedule 3094 (Every_5_Min_PLE_Check). The last step to run was step 1 (Check_PLE_And_Warm2).
2026-08-12T23:35:01.516Z;B-S-W-SQL-01;warn;208;SQLSERVERAGENT;Application;SQL Server Scheduled Job 'Emergency_Cache_Warming' (0x144466B7C98DCF46A3631FFDFB46581C) - Status: Failed - Invoked on: 2026-08-13 01:25:00 - Message: The job failed. The Job was invoked by Schedule 3094 (Every_5_Min_PLE_Check). The last step to run was step 1 (Check_PLE_And_Warm2).
2026-08-12T23:07:05.540Z;B-S-W-SQL-01;warn;208;SQLSERVERAGENT;Application;SQL Server Scheduled Job 'Emergency_Cache_Warming' (0x144466B7C98DCF46A3631FFDFB46581C) - Status: Failed - Invoked on: 2026-08-13 01:00:00 - Message: The job failed. The Job was invoked by Schedule 3094 (Every_5_Min_PLE_Check). The last step to run was step 1 (Check_PLE_And_Warm2).
2026-08-12T22:55:02.473Z;B-S-W-SQL-01;warn;208;SQLSERVERAGENT;Application;SQL Server Scheduled Job 'Emergency_Cache_Warming' (0x144466B7C98DCF46A3631FFDFB46581C) - Status: Failed - Invoked on: 2026-08-13 00:45:00 - Message: The job failed. The Job was invoked by Schedule 3094 (Every_5_Min_PLE_Check). The last step to run was step 1 (Check_PLE_And_Warm2).
2026-08-12T22:26:46.170Z;B-S-W-SQL-01;warn;208;SQLSERVERAGENT;Application;SQL Server Scheduled Job 'Emergency_Cache_Warming' (0x144466B7C98DCF46A3631FFDFB46581C) - Status: Failed - Invoked on: 2026-08-13 00:20:00 - Message: The job failed. The Job was invoked by Schedule 3094 (Every_5_Min_PLE_Check). The last step to run was step 1 (Check_PLE_And_Warm2).
2026-08-12T22:15:01.686Z;B-S-W-SQL-01;warn;208;SQLSERVERAGENT;Application;SQL Server Scheduled Job 'Emergency_Cache_Warming' (0x144466B7C98DCF46A3631FFDFB46581C) - Status: Failed - Invoked on: 2026-08-13 00:05:00 - Message: The job failed. The Job was invoked by Schedule 3094 (Every_5_Min_PLE_Check). The last step to run was step 1 (Check_PLE_And_Warm2).
2026-08-12T21:46:06.726Z;B-S-W-SQL-01;warn;208;SQLSERVERAGENT;Application;SQL Server Scheduled Job 'Emergency_Cache_Warming' (0x144466B7C98DCF46A3631FFDFB46581C) - Status: Failed - Invoked on: 2026-08-12 23:40:00 - Message: The job failed. The Job was invoked by Schedule 3094 (Every_5_Min_PLE_Check). The last step to run was step 1 (Check_PLE_And_Warm2).
2026-08-12T21:35:02.190Z;B-S-W-SQL-01;warn;208;SQLSERVERAGENT;Application;SQL Server Scheduled Job 'Emergency_Cache_Warming' (0x144466B7C98DCF46A3631FFDFB46581C) - Status: Failed - Invoked on: 2026-08-12 23:25:00 - Message: The job failed. The Job was invoked by Schedule 3094 (Every_5_Min_PLE_Check). The last step to run was step 1 (Check_PLE_And_Warm2).
2026-08-12T21:06:41.793Z;B-S-W-SQL-01;warn;208;SQLSERVERAGENT;Application;SQL Server Scheduled Job 'Emergency_Cache_Warming' (0x144466B7C98DCF46A3631FFDFB46581C) - Status: Failed - Invoked on: 2026-08-12 23:00:00 - Message: The job failed. The Job was invoked by Schedule 3094 (Every_5_Min_PLE_Check). The last step to run was step 1 (Check_PLE_And_Warm2).
2026-08-12T20:55:01.620Z;B-S-W-SQL-01;warn;208;SQLSERVERAGENT;Application;SQL Server Scheduled Job 'Emergency_Cache_Warming' (0x144466B7C98DCF46A3631FFDFB46581C) - Status: Failed - Invoked on: 2026-08-12 22:45:00 - Message: The job failed. The Job was invoked by Schedule 3094 (Every_5_Min_PLE_Check). The last step to run was step 1 (Check_PLE_And_Warm2).
2026-08-12T20:26:51.596Z;B-S-W-SQL-01;warn;208;SQLSERVERAGENT;Application;SQL Server Scheduled Job 'Emergency_Cache_Warming' (0x144466B7C98DCF46A3631FFDFB46581C) - Status: Failed - Invoked on: 2026-08-12 22:20:00 - Message: The job failed. The Job was invoked by Schedule 3094 (Every_5_Min_PLE_Check). The last step to run was step 1 (Check_PLE_And_Warm2).
2026-08-12T20:15:01.973Z;B-S-W-SQL-01;warn;208;SQLSERVERAGENT;Application;SQL Server Scheduled Job 'Emergency_Cache_Warming' (0x144466B7C98DCF46A3631FFDFB46581C) - Status: Failed - Invoked on: 2026-08-12 22:05:00 - Message: The job failed. The Job was invoked by Schedule 3094 (Every_5_Min_PLE_Check). The last step to run was step 1 (Check_PLE_And_Warm2).
2026-08-12T19:46:51.450Z;B-S-W-SQL-01;warn;208;SQLSERVERAGENT;Application;SQL Server Scheduled Job 'Emergency_Cache_Warming' (0x144466B7C98DCF46A3631FFDFB46581C) - Status: Failed - Invoked on: 2026-08-12 21:40:00 - Message: The job failed. The Job was invoked by Schedule 3094 (Every_5_Min_PLE_Check). The last step to run was step 1 (Check_PLE_And_Warm2).
2026-08-12T19:35:01.870Z;B-S-W-SQL-01;warn;208;SQLSERVERAGENT;Application;SQL Server Scheduled Job 'Emergency_Cache_Warming' (0x144466B7C98DCF46A3631FFDFB46581C) - Status: Failed - Invoked on: 2026-08-12 21:25:00 - Message: The job failed. The Job was invoked by Schedule 3094 (Every_5_Min_PLE_Check). The last step to run was step 1 (Check_PLE_And_Warm2).
2026-08-12T19:06:01.010Z;B-S-W-SQL-01;warn;208;SQLSERVERAGENT;Application;SQL Server Scheduled Job 'Emergency_Cache_Warming' (0x144466B7C98DCF46A3631FFDFB46581C) - Status: Failed - Invoked on: 2026-08-12 21:00:00 - Message: The job failed. The Job was invoked by Schedule 3094 (Every_5_Min_PLE_Check). The last step to run was step 1 (Check_PLE_And_Warm2).
2026-08-12T18:55:02.813Z;B-S-W-SQL-01;warn;208;SQLSERVERAGENT;Application;SQL Server Scheduled Job 'Emergency_Cache_Warming' (0x144466B7C98DCF46A3631FFDFB46581C) - Status: Failed - Invoked on: 2026-08-12 20:45:00 - Message: The job failed. The Job was invoked by Schedule 3094 (Every_5_Min_PLE_Check). The last step to run was step 1 (Check_PLE_And_Warm2).
2026-08-12T18:27:07.053Z;B-S-W-SQL-01;warn;208;SQLSERVERAGENT;Application;SQL Server Scheduled Job 'Emergency_Cache_Warming' (0x144466B7C98DCF46A3631FFDFB46581C) - Status: Failed - Invoked on: 2026-08-12 20:20:00 - Message: The job failed. The Job was invoked by Schedule 3094 (Every_5_Min_PLE_Check). The last step to run was step 1 (Check_PLE_And_Warm2).
2026-08-12T18:15:02.063Z;B-S-W-SQL-01;warn;208;SQLSERVERAGENT;Application;SQL Server Scheduled Job 'Emergency_Cache_Warming' (0x144466B7C98DCF46A3631FFDFB46581C) - Status: Failed - Invoked on: 2026-08-12 20:05:00 - Message: The job failed. The Job was invoked by Schedule 3094 (Every_5_Min_PLE_Check). The last step to run was step 1 (Check_PLE_And_Warm2).
2026-08-12T17:45:56.466Z;B-S-W-SQL-01;warn;208;SQLSERVERAGENT;Application;SQL Server Scheduled Job 'Emergency_Cache_Warming' (0x144466B7C98DCF46A3631FFDFB46581C) - Status: Failed - Invoked on: 2026-08-12 19:40:00 - Message: The job failed. The Job was invoked by Schedule 3094 (Every_5_Min_PLE_Check). The last step to run was step 1 (Check_PLE_And_Warm2).
2026-08-12T17:35:02.173Z;B-S-W-SQL-01;warn;208;SQLSERVERAGENT;Application;SQL Server Scheduled Job 'Emergency_Cache_Warming' (0x144466B7C98DCF46A3631FFDFB46581C) - Status: Failed - Invoked on: 2026-08-12 19:25:00 - Message: The job failed. The Job was invoked by Schedule 3094 (Every_5_Min_PLE_Check). The last step to run was step 1 (Check_PLE_And_Warm2).
2026-08-12T17:13:25.376Z;B-S-W-SQL-01;err;1511;Microsoft-Windows-User Profiles Service;Application;Windows cannot find the local profile and is logging you on with a temporary profile. Changes you make to this profile will be lost when you log off.
2026-08-12T17:06:31.503Z;B-S-W-SQL-01;warn;208;SQLSERVERAGENT;Application;SQL Server Scheduled Job 'Emergency_Cache_Warming' (0x144466B7C98DCF46A3631FFDFB46581C) - Status: Failed - Invoked on: 2026-08-12 19:00:00 - Message: The job failed. The Job was invoked by Schedule 3094 (Every_5_Min_PLE_Check). The last step to run was step 1 (Check_PLE_And_Warm2).
2026-08-12T16:55:03.033Z;B-S-W-SQL-01;warn;208;SQLSERVERAGENT;Application;SQL Server Scheduled Job 'Emergency_Cache_Warming' (0x144466B7C98DCF46A3631FFDFB46581C) - Status: Failed - Invoked on: 2026-08-12 18:45:00 - Message: The job failed. The Job was invoked by Schedule 3094 (Every_5_Min_PLE_Check). The last step to run was step 1 (Check_PLE_And_Warm2).
2026-08-12T16:43:23.613Z;B-S-W-SQL-01;err;1511;Microsoft-Windows-User Profiles Service;Application;Windows cannot find the local profile and is logging you on with a temporary profile. Changes you make to this profile will be lost when you log off.
2026-08-12T16:43:21.706Z;B-S-W-SQL-01;err;1511;Microsoft-Windows-User Profiles Service;Application;Windows cannot find the local profile and is logging you on with a temporary profile. Changes you make to this profile will be lost when you log off.
2026-08-12T16:43:20.180Z;B-S-W-SQL-01;err;1511;Microsoft-Windows-User Profiles Service;Application;Windows cannot find the local profile and is logging you on with a temporary profile. Changes you make to this profile will be lost when you log off.
2026-08-12T16:43:17.393Z;B-S-W-SQL-01;err;1511;Microsoft-Windows-User Profiles Service;Application;Windows cannot find the local profile and is logging you on with a temporary profile. Changes you make to this profile will be lost when you log off.
2026-08-12T16:43:15.663Z;B-S-W-SQL-01;err;1511;Microsoft-Windows-User Profiles Service;Application;Windows cannot find the local profile and is logging you on with a temporary profile. Changes you make to this profile will be lost when you log off.
2026-08-12T16:43:13.810Z;B-S-W-SQL-01;err;1511;Microsoft-Windows-User Profiles Service;Application;Windows cannot find the local profile and is logging you on with a temporary profile. Changes you make to this profile will be lost when you log off.
2026-08-12T16:43:12.243Z;B-S-W-SQL-01;err;1511;Microsoft-Windows-User Profiles Service;Application;Windows cannot find the local profile and is logging you on with a temporary profile. Changes you make to this profile will be lost when you log off.
2026-08-12T16:43:09.463Z;B-S-W-SQL-01;err;1511;Microsoft-Windows-User Profiles Service;Application;Windows cannot find the local profile and is logging you on with a temporary profile. Changes you make to this profile will be lost when you log off.
2026-08-12T16:43:07.716Z;B-S-W-SQL-01;err;1511;Microsoft-Windows-User Profiles Service;Application;Windows cannot find the local profile and is logging you on with a temporary profile. Changes you make to this profile will be lost when you log off.
2026-08-12T16:43:05.920Z;B-S-W-SQL-01;err;1511;Microsoft-Windows-User Profiles Service;Application;Windows cannot find the local profile and is logging you on with a temporary profile. Changes you make to this profile will be lost when you log off.
2026-08-12T16:43:04.380Z;B-S-W-SQL-01;err;1511;Microsoft-Windows-User Profiles Service;Application;Windows cannot find the local profile and is logging you on with a temporary profile. Changes you make to this profile will be lost when you log off.
2026-08-12T16:43:01.633Z;B-S-W-SQL-01;err;1511;Microsoft-Windows-User Profiles Service;Application;Windows cannot find the local profile and is logging you on with a temporary profile. Changes you make to this profile will be lost when you log off.
2026-08-12T16:42:59.906Z;B-S-W-SQL-01;err;1511;Microsoft-Windows-User Profiles Service;Application;Windows cannot find the local profile and is logging you on with a temporary profile. Changes you make to this profile will be lost when you log off.
2026-08-12T16:42:58.140Z;B-S-W-SQL-01;err;1511;Microsoft-Windows-User Profiles Service;Application;Windows cannot find the local profile and is logging you on with a temporary profile. Changes you make to this profile will be lost when you log off.
2026-08-12T16:42:56.600Z;B-S-W-SQL-01;err;1511;Microsoft-Windows-User Profiles Service;Application;Windows cannot find the local profile and is logging you on with a temporary profile. Changes you make to this profile will be lost when you log off.
2026-08-12T16:42:53.756Z;B-S-W-SQL-01;err;1511;Microsoft-Windows-User Profiles Service;Application;Windows cannot find the local profile and is logging you on with a temporary profile. Changes you make to this profile will be lost when you log off.
2026-08-12T16:42:50.126Z;B-S-W-SQL-01;err;1511;Microsoft-Windows-User Profiles Service;Application;Windows cannot find the local profile and is logging you on with a temporary profile. Changes you make to this profile will be lost when you log off.
2026-08-12T16:42:48.613Z;B-S-W-SQL-01;err;1511;Microsoft-Windows-User Profiles Service;Application;Windows cannot find the local profile and is logging you on with a temporary profile. Changes you make to this profile will be lost when you log off.
2026-08-12T16:42:47.030Z;B-S-W-SQL-01;err;1511;Microsoft-Windows-User Profiles Service;Application;Windows cannot find the local profile and is logging you on with a temporary profile. Changes you make to this profile will be lost when you log off.
2026-08-12T16:42:45.640Z;B-S-W-SQL-01;err;1511;Microsoft-Windows-User Profiles Service;Application;Windows cannot find the local profile and is logging you on with a temporary profile. Changes you make to this profile will be lost when you log off.
2026-08-12T16:42:43.923Z;B-S-W-SQL-01;err;1511;Microsoft-Windows-User Profiles Service;Application;Windows cannot find the local profile and is logging you on with a temporary profile. Changes you make to this profile will be lost when you log off.
2026-08-12T16:27:07.353Z;B-S-W-SQL-01;warn;208;SQLSERVERAGENT;Application;SQL Server Scheduled Job 'Emergency_Cache_Warming' (0x144466B7C98DCF46A3631FFDFB46581C) - Status: Failed - Invoked on: 2026-08-12 18:20:00 - Message: The job failed. The Job was invoked by Schedule 3094 (Every_5_Min_PLE_Check). The last step to run was step 1 (Check_PLE_And_Warm2).
2026-08-12T16:15:02.320Z;B-S-W-SQL-01;warn;208;SQLSERVERAGENT;Application;SQL Server Scheduled Job 'Emergency_Cache_Warming' (0x144466B7C98DCF46A3631FFDFB46581C) - Status: Failed - Invoked on: 2026-08-12 18:05:00 - Message: The job failed. The Job was invoked by Schedule 3094 (Every_5_Min_PLE_Check). The last step to run was step 1 (Check_PLE_And_Warm2).
2026-08-12T15:40:51.946Z;B-S-W-SQL-01;err;1801;Microsoft-Windows-TPM-WMI;System;"Updated Secure Boot certificates are available on this device but have not yet been applied to the firmware. Review the published guidance to complete the update and maintain full protection. This device signature information is included here. DeviceAttributes: BaseBoardManufacturer:Intel Corporation;FirmwareManufacturer:VMware, Inc.;FirmwareVersion:VMW71.00V.16707776.B64.2008070230;OEMModelNumber:VMware7,1;OEMModelBaseBoard:440BX Desktop Reference Platform;OEMModelSystemFamily:;OEMManufacturerName:VMware, Inc.;OEMModelSKU:;OSArchitecture:amd64; BucketId: c42abddf3a3802ff518f24f8dec0f7e2a2b3605404ff0d50864da0a9d2650503 BucketConfidenceLevel: High Confidence UpdateType: Windows UEFI CA 2023 (DB), Option ROM CA 2023 (DB), 3P UEFI CA 2023 (DB), KEK 2023, Boot Manager (2023) For more information, please see https://go.microsoft.com/fwlink/?linkid=2301018."
2026-08-12T15:40:51.943Z;B-S-W-SQL-01;err;1803;Microsoft-Windows-TPM-WMI;System;"A PK-signed Key Exchange Key (KEK) cannot be found for this device. Check with the device manufacturer for proper key provisioning. This device signature information is included here. DeviceAttributes: BaseBoardManufacturer:Intel Corporation;FirmwareManufacturer:VMware, Inc.;FirmwareVersion:VMW71.00V.16707776.B64.2008070230;OEMModelNumber:VMware7,1;OEMModelBaseBoard:440BX Desktop Reference Platform;OEMModelSystemFamily:;OEMManufacturerName:VMware, Inc.;OEMModelSKU:;OSArchitecture:amd64; BucketId: c42abddf3a3802ff518f24f8dec0f7e2a2b3605404ff0d50864da0a9d2650503 BucketConfidenceLevel: High Confidence. For more information, please see https://go.microsoft.com/fwlink/?linkid=2339472"
2026-08-12T15:37:51.546Z;B-S-W-SQL-01;err;7000;Service Control Manager;System;The Služba Aktualizace Google (gupdate) service failed to start due to the following error: The service did not respond to the start or control request in a timely fashion.
2026-08-12T15:37:51.546Z;B-S-W-SQL-01;err;7009;Service Control Manager;System;A timeout was reached (30000 milliseconds) while waiting for the Služba Aktualizace Google (gupdate) service to connect.
2026-08-12T15:35:50.806Z;B-S-W-SQL-01;warn;6038;LsaSrv;System;Microsoft Windows Server has detected that NTLM authentication is presently being used between clients and this server. This event occurs once per boot of the server on the first time a client uses NTLM with this server. NTLM is a weaker authentication mechanism. Please check: Which applications are using NTLM authentication? Are there configuration issues preventing the use of stronger authentication such as Kerberos authentication? If NTLM must be supported, is Extended Protection configured? Details on how to complete these checks can be found at http://go.microsoft.com/fwlink/?LinkId=225699.
2026-08-12T15:35:45.996Z;B-S-W-SQL-01;err;10150;Microsoft-Windows-WinRM;System;The WinRM service could not use the following listener to receive WS-Management requests. The listener is enabled but the listener does not have an IP address configured. User Action Check the underlying network configuration to determine if this listener has at least one valid IP. If the IP is valid, ensure that WinRM configuration does not exclude that IP address by using the following command: winrm get winrm/config/service Additional Data Listener transport: HTTP Listener address: *
2026-08-12T15:35:45.936Z;B-S-W-SQL-01;err;10131;Microsoft-Windows-WinRM;System;"The IP Range 10.8.2.213 is invalid and it will be ignored. Ranges are specified using the syntax IP1-IP2. Multiple ranges are separated using "","" as delimiter. Example IPv4 ranges: 2.0.0.1-2.0.0.20, 24.0.0.1-24.0.0.22 Example IPv6 ranges: 3FFE:FFFF:7654:FEDA:1245:BA98:0000:0000-3FFE:FFFF:7654:FEDA:1245:BA98:3210:4562 User Action Correct the IP filter 10.8.2.213 using the syntax described above."
2026-08-12T15:35:18.343Z;B-S-W-SQL-01;warn;10149;Microsoft-Windows-WinRM;System;The WinRM service is not listening for WS-Management requests. User Action If you did not intentionally stop the service, use the following command to see the WinRM configuration: winrm enumerate winrm/config/listener
2026-08-12T15:35:18.266Z;B-S-W-SQL-01;err;7034;Service Control Manager;System;The OpenSSH SSH Server service terminated unexpectedly. It has done this 1 time(s).
2026-08-12T15:35:17.900Z;B-S-W-SQL-01;warn;6004;Microsoft-Windows-Winlogon;Application;The winlogon notification subscriber <TrustedInstaller> failed a critical notification event.
2026-08-12T15:35:00.580Z;B-S-W-SQL-01;warn;6038;LsaSrv;System;Microsoft Windows Server has detected that NTLM authentication is presently being used between clients and this server. This event occurs once per boot of the server on the first time a client uses NTLM with this server. NTLM is a weaker authentication mechanism. Please check: Which applications are using NTLM authentication? Are there configuration issues preventing the use of stronger authentication such as Kerberos authentication? If NTLM must be supported, is Extended Protection configured? Details on how to complete these checks can be found at http://go.microsoft.com/fwlink/?LinkId=225699.
2026-08-12T15:34:59.240Z;B-S-W-SQL-01;warn;1008;Microsoft-Windows-Perflib;Application;"The Open procedure for service ""BITS"" in DLL ""C:\Windows\System32\bitsperf.dll"" failed with error code An internal error occurred.. Performance data for this service will not be available."
2026-08-12T15:34:58.433Z;B-S-W-SQL-01;err;10150;Microsoft-Windows-WinRM;System;The WinRM service could not use the following listener to receive WS-Management requests. The listener is enabled but the listener does not have an IP address configured. User Action Check the underlying network configuration to determine if this listener has at least one valid IP. If the IP is valid, ensure that WinRM configuration does not exclude that IP address by using the following command: winrm get winrm/config/service Additional Data Listener transport: HTTP Listener address: *
2026-08-12T15:34:58.373Z;B-S-W-SQL-01;err;10131;Microsoft-Windows-WinRM;System;"The IP Range 10.8.2.213 is invalid and it will be ignored. Ranges are specified using the syntax IP1-IP2. Multiple ranges are separated using "","" as delimiter. Example IPv4 ranges: 2.0.0.1-2.0.0.20, 24.0.0.1-24.0.0.22 Example IPv6 ranges: 3FFE:FFFF:7654:FEDA:1245:BA98:0000:0000-3FFE:FFFF:7654:FEDA:1245:BA98:3210:4562 User Action Correct the IP filter 10.8.2.213 using the syntax described above."
2026-08-12T15:34:24.536Z;B-S-W-SQL-01;err;7034;Service Control Manager;System;The OpenSSH SSH Server service terminated unexpectedly. It has done this 1 time(s).
2026-08-12T15:33:07.666Z;B-S-W-SQL-01;err;7023;Service Control Manager;System;The Update Orchestrator Service service terminated with the following error: This operation returned because the timeout period expired.
2026-08-12T15:32:04.293Z;B-S-W-SQL-01;warn;4098;Group Policy Drive Maps;Application;The user 'Y:' preference item in the 'MAP_Network_Drive {93585CE6-7A8B-43B2-A7BF-ABADEC939650}' Group Policy Object did not apply because it failed with error code '0x80070035 The network path was not found.' This error was suppressed.
2026-08-12T15:05:51.130Z;B-S-W-SQL-01;warn;208;SQLSERVERAGENT;Application;SQL Server Scheduled Job 'Emergency_Cache_Warming' (0x144466B7C98DCF46A3631FFDFB46581C) - Status: Failed - Invoked on: 2026-08-12 17:00:00 - Message: The job failed. The Job was invoked by Schedule 3094 (Every_5_Min_PLE_Check). The last step to run was step 1 (Check_PLE_And_Warm2).
2026-08-12T14:55:01.626Z;B-S-W-SQL-01;warn;208;SQLSERVERAGENT;Application;SQL Server Scheduled Job 'Emergency_Cache_Warming' (0x144466B7C98DCF46A3631FFDFB46581C) - Status: Failed - Invoked on: 2026-08-12 16:45:00 - Message: The job failed. The Job was invoked by Schedule 3094 (Every_5_Min_PLE_Check). The last step to run was step 1 (Check_PLE_And_Warm2).
2026-08-12T14:32:32.330Z;B-S-W-SQL-01;warn;4098;Group Policy Drive Maps;Application;The user 'Y:' preference item in the 'MAP_Network_Drive {93585CE6-7A8B-43B2-A7BF-ABADEC939650}' Group Policy Object did not apply because it failed with error code '0x80070035 The network path was not found.' This error was suppressed.
2026-08-12T14:32:32.316Z;B-S-W-SQL-01;warn;4098;Group Policy Drive Maps;Application;The user 'I:' preference item in the 'MAP_Network_Drive {93585CE6-7A8B-43B2-A7BF-ABADEC939650}' Group Policy Object did not apply because it failed with error code '0x80070035 The network path was not found.' This error was suppressed.
2026-08-12T14:25:51.266Z;B-S-W-SQL-01;warn;208;SQLSERVERAGENT;Application;SQL Server Scheduled Job 'Emergency_Cache_Warming' (0x144466B7C98DCF46A3631FFDFB46581C) - Status: Failed - Invoked on: 2026-08-12 16:20:00 - Message: The job failed. The Job was invoked by Schedule 3094 (Every_5_Min_PLE_Check). The last step to run was step 1 (Check_PLE_And_Warm2).
2026-08-12T14:15:02.356Z;B-S-W-SQL-01;warn;208;SQLSERVERAGENT;Application;SQL Server Scheduled Job 'Emergency_Cache_Warming' (0x144466B7C98DCF46A3631FFDFB46581C) - Status: Failed - Invoked on: 2026-08-12 16:05:00 - Message: The job failed. The Job was invoked by Schedule 3094 (Every_5_Min_PLE_Check). The last step to run was step 1 (Check_PLE_And_Warm2).
2026-08-12T13:45:56.176Z;B-S-W-SQL-01;warn;208;SQLSERVERAGENT;Application;SQL Server Scheduled Job 'Emergency_Cache_Warming' (0x144466B7C98DCF46A3631FFDFB46581C) - Status: Failed - Invoked on: 2026-08-12 15:40:00 - Message: The job failed. The Job was invoked by Schedule 3094 (Every_5_Min_PLE_Check). The last step to run was step 1 (Check_PLE_And_Warm2).
2026-08-12T13:39:03.066Z;B-S-W-SQL-01;warn;4098;Group Policy Drive Maps;Application;The user 'Y:' preference item in the 'MAP_Network_Drive {93585CE6-7A8B-43B2-A7BF-ABADEC939650}' Group Policy Object did not apply because it failed with error code '0x80070035 The network path was not found.' This error was suppressed.
2026-08-12T13:39:03.053Z;B-S-W-SQL-01;warn;4098;Group Policy Drive Maps;Application;The user 'I:' preference item in the 'MAP_Network_Drive {93585CE6-7A8B-43B2-A7BF-ABADEC939650}' Group Policy Object did not apply because it failed with error code '0x80070035 The network path was not found.' This error was suppressed.
2026-08-12T13:35:02.013Z;B-S-W-SQL-01;warn;208;SQLSERVERAGENT;Application;SQL Server Scheduled Job 'Emergency_Cache_Warming' (0x144466B7C98DCF46A3631FFDFB46581C) - Status: Failed - Invoked on: 2026-08-12 15:25:00 - Message: The job failed. The Job was invoked by Schedule 3094 (Every_5_Min_PLE_Check). The last step to run was step 1 (Check_PLE_And_Warm2).
2026-08-12T13:05:56.430Z;B-S-W-SQL-01;warn;208;SQLSERVERAGENT;Application;SQL Server Scheduled Job 'Emergency_Cache_Warming' (0x144466B7C98DCF46A3631FFDFB46581C) - Status: Failed - Invoked on: 2026-08-12 15:00:00 - Message: The job failed. The Job was invoked by Schedule 3094 (Every_5_Min_PLE_Check). The last step to run was step 1 (Check_PLE_And_Warm2).
2026-08-12T12:55:01.683Z;B-S-W-SQL-01;warn;208;SQLSERVERAGENT;Application;SQL Server Scheduled Job 'Emergency_Cache_Warming' (0x144466B7C98DCF46A3631FFDFB46581C) - Status: Failed - Invoked on: 2026-08-12 14:45:00 - Message: The job failed. The Job was invoked by Schedule 3094 (Every_5_Min_PLE_Check). The last step to run was step 1 (Check_PLE_And_Warm2).
2026-08-12T12:44:31.160Z;B-S-W-SQL-01;warn;4098;Group Policy Drive Maps;Application;The user 'Y:' preference item in the 'MAP_Network_Drive {93585CE6-7A8B-43B2-A7BF-ABADEC939650}' Group Policy Object did not apply because it failed with error code '0x80070035 The network path was not found.' This error was suppressed.
2026-08-12T12:44:31.146Z;B-S-W-SQL-01;warn;4098;Group Policy Drive Maps;Application;The user 'I:' preference item in the 'MAP_Network_Drive {93585CE6-7A8B-43B2-A7BF-ABADEC939650}' Group Policy Object did not apply because it failed with error code '0x80070035 The network path was not found.' This error was suppressed.
2026-08-12T12:26:56.940Z;B-S-W-SQL-01;warn;208;SQLSERVERAGENT;Application;SQL Server Scheduled Job 'Emergency_Cache_Warming' (0x144466B7C98DCF46A3631FFDFB46581C) - Status: Failed - Invoked on: 2026-08-12 14:20:00 - Message: The job failed. The Job was invoked by Schedule 3094 (Every_5_Min_PLE_Check). The last step to run was step 1 (Check_PLE_And_Warm2).
2026-08-12T12:15:01.680Z;B-S-W-SQL-01;warn;208;SQLSERVERAGENT;Application;SQL Server Scheduled Job 'Emergency_Cache_Warming' (0x144466B7C98DCF46A3631FFDFB46581C) - Status: Failed - Invoked on: 2026-08-12 14:05:00 - Message: The job failed. The Job was invoked by Schedule 3094 (Every_5_Min_PLE_Check). The last step to run was step 1 (Check_PLE_And_Warm2).
2026-08-12T11:51:01.730Z;B-S-W-SQL-01;warn;4098;Group Policy Drive Maps;Application;The user 'Y:' preference item in the 'MAP_Network_Drive {93585CE6-7A8B-43B2-A7BF-ABADEC939650}' Group Policy Object did not apply because it failed with error code '0x80070035 The network path was not found.' This error was suppressed.
2026-08-12T11:45:56.736Z;B-S-W-SQL-01;warn;208;SQLSERVERAGENT;Application;SQL Server Scheduled Job 'Emergency_Cache_Warming' (0x144466B7C98DCF46A3631FFDFB46581C) - Status: Failed - Invoked on: 2026-08-12 13:40:00 - Message: The job failed. The Job was invoked by Schedule 3094 (Every_5_Min_PLE_Check). The last step to run was step 1 (Check_PLE_And_Warm2).
2026-08-12T11:35:02.020Z;B-S-W-SQL-01;warn;208;SQLSERVERAGENT;Application;SQL Server Scheduled Job 'Emergency_Cache_Warming' (0x144466B7C98DCF46A3631FFDFB46581C) - Status: Failed - Invoked on: 2026-08-12 13:25:00 - Message: The job failed. The Job was invoked by Schedule 3094 (Every_5_Min_PLE_Check). The last step to run was step 1 (Check_PLE_And_Warm2).
2026-08-12T11:11:29.943Z;B-S-W-SQL-01;warn;4098;Group Policy Drive Maps;Application;The user 'Y:' preference item in the 'MAP_Network_Drive {93585CE6-7A8B-43B2-A7BF-ABADEC939650}' Group Policy Object did not apply because it failed with error code '0x80070035 The network path was not found.' This error was suppressed.
2026-08-12T11:05:51.386Z;B-S-W-SQL-01;warn;208;SQLSERVERAGENT;Application;SQL Server Scheduled Job 'Emergency_Cache_Warming' (0x144466B7C98DCF46A3631FFDFB46581C) - Status: Failed - Invoked on: 2026-08-12 13:00:00 - Message: The job failed. The Job was invoked by Schedule 3094 (Every_5_Min_PLE_Check). The last step to run was step 1 (Check_PLE_And_Warm2).
2026-08-12T10:55:01.760Z;B-S-W-SQL-01;warn;208;SQLSERVERAGENT;Application;SQL Server Scheduled Job 'Emergency_Cache_Warming' (0x144466B7C98DCF46A3631FFDFB46581C) - Status: Failed - Invoked on: 2026-08-12 12:45:00 - Message: The job failed. The Job was invoked by Schedule 3094 (Every_5_Min_PLE_Check). The last step to run was step 1 (Check_PLE_And_Warm2).
2026-08-12T10:25:56.613Z;B-S-W-SQL-01;warn;208;SQLSERVERAGENT;Application;SQL Server Scheduled Job 'Emergency_Cache_Warming' (0x144466B7C98DCF46A3631FFDFB46581C) - Status: Failed - Invoked on: 2026-08-12 12:20:00 - Message: The job failed. The Job was invoked by Schedule 3094 (Every_5_Min_PLE_Check). The last step to run was step 1 (Check_PLE_And_Warm2).
2026-08-12T10:15:01.786Z;B-S-W-SQL-01;warn;208;SQLSERVERAGENT;Application;SQL Server Scheduled Job 'Emergency_Cache_Warming' (0x144466B7C98DCF46A3631FFDFB46581C) - Status: Failed - Invoked on: 2026-08-12 12:05:00 - Message: The job failed. The Job was invoked by Schedule 3094 (Every_5_Min_PLE_Check). The last step to run was step 1 (Check_PLE_And_Warm2).
2026-08-12T10:04:00.520Z;B-S-W-SQL-01;warn;4098;Group Policy Drive Maps;Application;The user 'Y:' preference item in the 'MAP_Network_Drive {93585CE6-7A8B-43B2-A7BF-ABADEC939650}' Group Policy Object did not apply because it failed with error code '0x80070035 The network path was not found.' This error was suppressed.
2026-08-12T09:45:56.033Z;B-S-W-SQL-01;warn;208;SQLSERVERAGENT;Application;SQL Server Scheduled Job 'Emergency_Cache_Warming' (0x144466B7C98DCF46A3631FFDFB46581C) - Status: Failed - Invoked on: 2026-08-12 11:40:00 - Message: The job failed. The Job was invoked by Schedule 3094 (Every_5_Min_PLE_Check). The last step to run was step 1 (Check_PLE_And_Warm2).
2026-08-12T09:40:28.716Z;B-S-W-SQL-01;warn;4098;Group Policy Drive Maps;Application;The user 'Y:' preference item in the 'MAP_Network_Drive {93585CE6-7A8B-43B2-A7BF-ABADEC939650}' Group Policy Object did not apply because it failed with error code '0x80070035 The network path was not found.' This error was suppressed.
2026-08-12T09:40:28.700Z;B-S-W-SQL-01;warn;4098;Group Policy Drive Maps;Application;The user 'I:' preference item in the 'MAP_Network_Drive {93585CE6-7A8B-43B2-A7BF-ABADEC939650}' Group Policy Object did not apply because it failed with error code '0x80070035 The network path was not found.' This error was suppressed.
2026-08-12T09:35:02.096Z;B-S-W-SQL-01;warn;208;SQLSERVERAGENT;Application;SQL Server Scheduled Job 'Emergency_Cache_Warming' (0x144466B7C98DCF46A3631FFDFB46581C) - Status: Failed - Invoked on: 2026-08-12 11:25:00 - Message: The job failed. The Job was invoked by Schedule 3094 (Every_5_Min_PLE_Check). The last step to run was step 1 (Check_PLE_And_Warm2).
2026-08-12T09:05:51.233Z;B-S-W-SQL-01;warn;208;SQLSERVERAGENT;Application;SQL Server Scheduled Job 'Emergency_Cache_Warming' (0x144466B7C98DCF46A3631FFDFB46581C) - Status: Failed - Invoked on: 2026-08-12 11:00:00 - Message: The job failed. The Job was invoked by Schedule 3094 (Every_5_Min_PLE_Check). The last step to run was step 1 (Check_PLE_And_Warm2).
2026-08-12T08:55:01.890Z;B-S-W-SQL-01;warn;208;SQLSERVERAGENT;Application;SQL Server Scheduled Job 'Emergency_Cache_Warming' (0x144466B7C98DCF46A3631FFDFB46581C) - Status: Failed - Invoked on: 2026-08-12 10:45:00 - Message: The job failed. The Job was invoked by Schedule 3094 (Every_5_Min_PLE_Check). The last step to run was step 1 (Check_PLE_And_Warm2).
2026-08-12T08:30:59.353Z;B-S-W-SQL-01;warn;4098;Group Policy Drive Maps;Application;The user 'Y:' preference item in the 'MAP_Network_Drive {93585CE6-7A8B-43B2-A7BF-ABADEC939650}' Group Policy Object did not apply because it failed with error code '0x80070035 The network path was not found.' This error was suppressed.
2026-08-12T08:30:59.336Z;B-S-W-SQL-01;warn;4098;Group Policy Drive Maps;Application;The user 'I:' preference item in the 'MAP_Network_Drive {93585CE6-7A8B-43B2-A7BF-ABADEC939650}' Group Policy Object did not apply because it failed with error code '0x80070035 The network path was not found.' This error was suppressed.
2026-08-12T08:25:56.460Z;B-S-W-SQL-01;warn;208;SQLSERVERAGENT;Application;SQL Server Scheduled Job 'Emergency_Cache_Warming' (0x144466B7C98DCF46A3631FFDFB46581C) - Status: Failed - Invoked on: 2026-08-12 10:20:00 - Message: The job failed. The Job was invoked by Schedule 3094 (Every_5_Min_PLE_Check). The last step to run was step 1 (Check_PLE_And_Warm2).
2026-08-12T08:15:01.836Z;B-S-W-SQL-01;warn;208;SQLSERVERAGENT;Application;SQL Server Scheduled Job 'Emergency_Cache_Warming' (0x144466B7C98DCF46A3631FFDFB46581C) - Status: Failed - Invoked on: 2026-08-12 10:05:00 - Message: The job failed. The Job was invoked by Schedule 3094 (Every_5_Min_PLE_Check). The last step to run was step 1 (Check_PLE_And_Warm2).
2026-08-12T07:54:27.530Z;B-S-W-SQL-01;warn;4098;Group Policy Drive Maps;Application;The user 'Y:' preference item in the 'MAP_Network_Drive {93585CE6-7A8B-43B2-A7BF-ABADEC939650}' Group Policy Object did not apply because it failed with error code '0x80070035 The network path was not found.' This error was suppressed.
2026-08-12T07:54:27.516Z;B-S-W-SQL-01;warn;4098;Group Policy Drive Maps;Application;The user 'I:' preference item in the 'MAP_Network_Drive {93585CE6-7A8B-43B2-A7BF-ABADEC939650}' Group Policy Object did not apply because it failed with error code '0x80070035 The network path was not found.' This error was suppressed.
2026-08-12T07:45:56.226Z;B-S-W-SQL-01;warn;208;SQLSERVERAGENT;Application;SQL Server Scheduled Job 'Emergency_Cache_Warming' (0x144466B7C98DCF46A3631FFDFB46581C) - Status: Failed - Invoked on: 2026-08-12 09:40:00 - Message: The job failed. The Job was invoked by Schedule 3094 (Every_5_Min_PLE_Check). The last step to run was step 1 (Check_PLE_And_Warm2).
2026-08-12T07:35:01.630Z;B-S-W-SQL-01;warn;208;SQLSERVERAGENT;Application;SQL Server Scheduled Job 'Emergency_Cache_Warming' (0x144466B7C98DCF46A3631FFDFB46581C) - Status: Failed - Invoked on: 2026-08-12 09:25:00 - Message: The job failed. The Job was invoked by Schedule 3094 (Every_5_Min_PLE_Check). The last step to run was step 1 (Check_PLE_And_Warm2).
2026-08-12T07:05:56.276Z;B-S-W-SQL-01;warn;208;SQLSERVERAGENT;Application;SQL Server Scheduled Job 'Emergency_Cache_Warming' (0x144466B7C98DCF46A3631FFDFB46581C) - Status: Failed - Invoked on: 2026-08-12 09:00:00 - Message: The job failed. The Job was invoked by Schedule 3094 (Every_5_Min_PLE_Check). The last step to run was step 1 (Check_PLE_And_Warm2).
2026-08-12T06:55:01.700Z;B-S-W-SQL-01;warn;208;SQLSERVERAGENT;Application;SQL Server Scheduled Job 'Emergency_Cache_Warming' (0x144466B7C98DCF46A3631FFDFB46581C) - Status: Failed - Invoked on: 2026-08-12 08:45:00 - Message: The job failed. The Job was invoked by Schedule 3094 (Every_5_Min_PLE_Check). The last step to run was step 1 (Check_PLE_And_Warm2).
2026-08-12T06:45:58.056Z;B-S-W-SQL-01;warn;4098;Group Policy Drive Maps;Application;The user 'Y:' preference item in the 'MAP_Network_Drive {93585CE6-7A8B-43B2-A7BF-ABADEC939650}' Group Policy Object did not apply because it failed with error code '0x80070035 The network path was not found.' This error was suppressed.
2026-08-12T06:45:58.040Z;B-S-W-SQL-01;warn;4098;Group Policy Drive Maps;Application;The user 'I:' preference item in the 'MAP_Network_Drive {93585CE6-7A8B-43B2-A7BF-ABADEC939650}' Group Policy Object did not apply because it failed with error code '0x80070035 The network path was not found.' This error was suppressed.
2026-08-12T06:25:57.100Z;B-S-W-SQL-01;warn;208;SQLSERVERAGENT;Application;SQL Server Scheduled Job 'Emergency_Cache_Warming' (0x144466B7C98DCF46A3631FFDFB46581C) - Status: Failed - Invoked on: 2026-08-12 08:20:00 - Message: The job failed. The Job was invoked by Schedule 3094 (Every_5_Min_PLE_Check). The last step to run was step 1 (Check_PLE_And_Warm2).
2026-08-12T06:23:26.313Z;B-S-W-SQL-01;warn;4098;Group Policy Drive Maps;Application;The user 'Y:' preference item in the 'MAP_Network_Drive {93585CE6-7A8B-43B2-A7BF-ABADEC939650}' Group Policy Object did not apply because it failed with error code '0x80070035 The network path was not found.' This error was suppressed.
2026-08-12T06:23:26.296Z;B-S-W-SQL-01;warn;4098;Group Policy Drive Maps;Application;The user 'I:' preference item in the 'MAP_Network_Drive {93585CE6-7A8B-43B2-A7BF-ABADEC939650}' Group Policy Object did not apply because it failed with error code '0x80070035 The network path was not found.' This error was suppressed.
2026-08-12T06:15:01.690Z;B-S-W-SQL-01;warn;208;SQLSERVERAGENT;Application;SQL Server Scheduled Job 'Emergency_Cache_Warming' (0x144466B7C98DCF46A3631FFDFB46581C) - Status: Failed - Invoked on: 2026-08-12 08:05:00 - Message: The job failed. The Job was invoked by Schedule 3094 (Every_5_Min_PLE_Check). The last step to run was step 1 (Check_PLE_And_Warm2).
2026-08-12T05:57:36.916Z;B-S-W-SQL-01;err;1803;Microsoft-Windows-TPM-WMI;System;"A PK-signed Key Exchange Key (KEK) cannot be found for this device. Check with the device manufacturer for proper key provisioning. This device signature information is included here. DeviceAttributes: BaseBoardManufacturer:Intel Corporation;FirmwareManufacturer:VMware, Inc.;FirmwareVersion:VMW71.00V.16707776.B64.2008070230;OEMModelNumber:VMware7,1;OEMModelBaseBoard:440BX Desktop Reference Platform;OEMModelSystemFamily:;OEMManufacturerName:VMware, Inc.;OEMModelSKU:;OSArchitecture:amd64; BucketId: c42abddf3a3802ff518f24f8dec0f7e2a2b3605404ff0d50864da0a9d2650503 BucketConfidenceLevel: High Confidence. For more information, please see https://go.microsoft.com/fwlink/?linkid=2339472"
2026-08-12T05:45:56.073Z;B-S-W-SQL-01;warn;208;SQLSERVERAGENT;Application;SQL Server Scheduled Job 'Emergency_Cache_Warming' (0x144466B7C98DCF46A3631FFDFB46581C) - Status: Failed - Invoked on: 2026-08-12 07:40:00 - Message: The job failed. The Job was invoked by Schedule 3094 (Every_5_Min_PLE_Check). The last step to run was step 1 (Check_PLE_And_Warm2).
2026-08-12T05:35:01.470Z;B-S-W-SQL-01;warn;208;SQLSERVERAGENT;Application;SQL Server Scheduled Job 'Emergency_Cache_Warming' (0x144466B7C98DCF46A3631FFDFB46581C) - Status: Failed - Invoked on: 2026-08-12 07:25:00 - Message: The job failed. The Job was invoked by Schedule 3094 (Every_5_Min_PLE_Check). The last step to run was step 1 (Check_PLE_And_Warm2).
2026-08-12T05:05:55.906Z;B-S-W-SQL-01;warn;208;SQLSERVERAGENT;Application;SQL Server Scheduled Job 'Emergency_Cache_Warming' (0x144466B7C98DCF46A3631FFDFB46581C) - Status: Failed - Invoked on: 2026-08-12 07:00:00 - Message: The job failed. The Job was invoked by Schedule 3094 (Every_5_Min_PLE_Check). The last step to run was step 1 (Check_PLE_And_Warm2).
2026-08-12T05:00:56.846Z;B-S-W-SQL-01;warn;4098;Group Policy Drive Maps;Application;The user 'Y:' preference item in the 'MAP_Network_Drive {93585CE6-7A8B-43B2-A7BF-ABADEC939650}' Group Policy Object did not apply because it failed with error code '0x80070035 The network path was not found.' This error was suppressed.
2026-08-12T05:00:56.830Z;B-S-W-SQL-01;warn;4098;Group Policy Drive Maps;Application;The user 'I:' preference item in the 'MAP_Network_Drive {93585CE6-7A8B-43B2-A7BF-ABADEC939650}' Group Policy Object did not apply because it failed with error code '0x80070035 The network path was not found.' This error was suppressed.
2026-08-12T04:55:01.386Z;B-S-W-SQL-01;warn;208;SQLSERVERAGENT;Application;SQL Server Scheduled Job 'Emergency_Cache_Warming' (0x144466B7C98DCF46A3631FFDFB46581C) - Status: Failed - Invoked on: 2026-08-12 06:45:00 - Message: The job failed. The Job was invoked by Schedule 3094 (Every_5_Min_PLE_Check). The last step to run was step 1 (Check_PLE_And_Warm2).
2026-08-12T04:32:25.256Z;B-S-W-SQL-01;warn;4098;Group Policy Drive Maps;Application;The user 'Y:' preference item in the 'MAP_Network_Drive {93585CE6-7A8B-43B2-A7BF-ABADEC939650}' Group Policy Object did not apply because it failed with error code '0x80070035 The network path was not found.' This error was suppressed.
2026-08-12T04:32:25.243Z;B-S-W-SQL-01;warn;4098;Group Policy Drive Maps;Application;The user 'I:' preference item in the 'MAP_Network_Drive {93585CE6-7A8B-43B2-A7BF-ABADEC939650}' Group Policy Object did not apply because it failed with error code '0x80070035 The network path was not found.' This error was suppressed.
2026-08-12T04:25:51.616Z;B-S-W-SQL-01;warn;208;SQLSERVERAGENT;Application;SQL Server Scheduled Job 'Emergency_Cache_Warming' (0x144466B7C98DCF46A3631FFDFB46581C) - Status: Failed - Invoked on: 2026-08-12 06:20:00 - Message: The job failed. The Job was invoked by Schedule 3094 (Every_5_Min_PLE_Check). The last step to run was step 1 (Check_PLE_And_Warm2).
2026-08-12T04:15:01.536Z;B-S-W-SQL-01;warn;208;SQLSERVERAGENT;Application;SQL Server Scheduled Job 'Emergency_Cache_Warming' (0x144466B7C98DCF46A3631FFDFB46581C) - Status: Failed - Invoked on: 2026-08-12 06:05:00 - Message: The job failed. The Job was invoked by Schedule 3094 (Every_5_Min_PLE_Check). The last step to run was step 1 (Check_PLE_And_Warm2).
2026-08-12T03:45:56.590Z;B-S-W-SQL-01;warn;208;SQLSERVERAGENT;Application;SQL Server Scheduled Job 'Emergency_Cache_Warming' (0x144466B7C98DCF46A3631FFDFB46581C) - Status: Failed - Invoked on: 2026-08-12 05:40:00 - Message: The job failed. The Job was invoked by Schedule 3094 (Every_5_Min_PLE_Check). The last step to run was step 1 (Check_PLE_And_Warm2).
2026-08-12T03:35:02.130Z;B-S-W-SQL-01;warn;208;SQLSERVERAGENT;Application;SQL Server Scheduled Job 'Emergency_Cache_Warming' (0x144466B7C98DCF46A3631FFDFB46581C) - Status: Failed - Invoked on: 2026-08-12 05:25:00 - Message: The job failed. The Job was invoked by Schedule 3094 (Every_5_Min_PLE_Check). The last step to run was step 1 (Check_PLE_And_Warm2).
2026-08-12T03:05:56.263Z;B-S-W-SQL-01;warn;208;SQLSERVERAGENT;Application;SQL Server Scheduled Job 'Emergency_Cache_Warming' (0x144466B7C98DCF46A3631FFDFB46581C) - Status: Failed - Invoked on: 2026-08-12 05:00:00 - Message: The job failed. The Job was invoked by Schedule 3094 (Every_5_Min_PLE_Check). The last step to run was step 1 (Check_PLE_And_Warm2).
2026-08-12T03:02:55.566Z;B-S-W-SQL-01;warn;4098;Group Policy Drive Maps;Application;The user 'Y:' preference item in the 'MAP_Network_Drive {93585CE6-7A8B-43B2-A7BF-ABADEC939650}' Group Policy Object did not apply because it failed with error code '0x80070035 The network path was not found.' This error was suppressed.
2026-08-12T02:55:01.340Z;B-S-W-SQL-01;warn;208;SQLSERVERAGENT;Application;SQL Server Scheduled Job 'Emergency_Cache_Warming' (0x144466B7C98DCF46A3631FFDFB46581C) - Status: Failed - Invoked on: 2026-08-12 04:45:00 - Message: The job failed. The Job was invoked by Schedule 3094 (Every_5_Min_PLE_Check). The last step to run was step 1 (Check_PLE_And_Warm2).
2026-08-12T02:50:24.176Z;B-S-W-SQL-01;warn;4098;Group Policy Drive Maps;Application;The user 'Y:' preference item in the 'MAP_Network_Drive {93585CE6-7A8B-43B2-A7BF-ABADEC939650}' Group Policy Object did not apply because it failed with error code '0x80070035 The network path was not found.' This error was suppressed.
2026-08-12T02:50:24.160Z;B-S-W-SQL-01;warn;4098;Group Policy Drive Maps;Application;The user 'I:' preference item in the 'MAP_Network_Drive {93585CE6-7A8B-43B2-A7BF-ABADEC939650}' Group Policy Object did not apply because it failed with error code '0x80070035 The network path was not found.' This error was suppressed.
2026-08-12T02:25:56.283Z;B-S-W-SQL-01;warn;208;SQLSERVERAGENT;Application;SQL Server Scheduled Job 'Emergency_Cache_Warming' (0x144466B7C98DCF46A3631FFDFB46581C) - Status: Failed - Invoked on: 2026-08-12 04:20:00 - Message: The job failed. The Job was invoked by Schedule 3094 (Every_5_Min_PLE_Check). The last step to run was step 1 (Check_PLE_And_Warm2).
2026-08-12T02:15:02.220Z;B-S-W-SQL-01;warn;208;SQLSERVERAGENT;Application;SQL Server Scheduled Job 'Emergency_Cache_Warming' (0x144466B7C98DCF46A3631FFDFB46581C) - Status: Failed - Invoked on: 2026-08-12 04:05:00 - Message: The job failed. The Job was invoked by Schedule 3094 (Every_5_Min_PLE_Check). The last step to run was step 1 (Check_PLE_And_Warm2).
2026-08-12T01:45:56.360Z;B-S-W-SQL-01;warn;208;SQLSERVERAGENT;Application;SQL Server Scheduled Job 'Emergency_Cache_Warming' (0x144466B7C98DCF46A3631FFDFB46581C) - Status: Failed - Invoked on: 2026-08-12 03:40:00 - Message: The job failed. The Job was invoked by Schedule 3094 (Every_5_Min_PLE_Check). The last step to run was step 1 (Check_PLE_And_Warm2).
2026-08-12T01:35:01.516Z;B-S-W-SQL-01;warn;208;SQLSERVERAGENT;Application;SQL Server Scheduled Job 'Emergency_Cache_Warming' (0x144466B7C98DCF46A3631FFDFB46581C) - Status: Failed - Invoked on: 2026-08-12 03:25:00 - Message: The job failed. The Job was invoked by Schedule 3094 (Every_5_Min_PLE_Check). The last step to run was step 1 (Check_PLE_And_Warm2).
2026-08-12T01:21:54.356Z;B-S-W-SQL-01;warn;4098;Group Policy Drive Maps;Application;The user 'Y:' preference item in the 'MAP_Network_Drive {93585CE6-7A8B-43B2-A7BF-ABADEC939650}' Group Policy Object did not apply because it failed with error code '0x80070035 The network path was not found.' This error was suppressed.
2026-08-12T01:21:54.343Z;B-S-W-SQL-01;warn;4098;Group Policy Drive Maps;Application;The user 'I:' preference item in the 'MAP_Network_Drive {93585CE6-7A8B-43B2-A7BF-ABADEC939650}' Group Policy Object did not apply because it failed with error code '0x80070035 The network path was not found.' This error was suppressed.
2026-08-12T01:05:50.880Z;B-S-W-SQL-01;warn;208;SQLSERVERAGENT;Application;SQL Server Scheduled Job 'Emergency_Cache_Warming' (0x144466B7C98DCF46A3631FFDFB46581C) - Status: Failed - Invoked on: 2026-08-12 03:00:00 - Message: The job failed. The Job was invoked by Schedule 3094 (Every_5_Min_PLE_Check). The last step to run was step 1 (Check_PLE_And_Warm2).
2026-08-12T01:04:23.076Z;B-S-W-SQL-01;warn;4098;Group Policy Drive Maps;Application;The user 'Y:' preference item in the 'MAP_Network_Drive {93585CE6-7A8B-43B2-A7BF-ABADEC939650}' Group Policy Object did not apply because it failed with error code '0x80070035 The network path was not found.' This error was suppressed.
2026-08-12T01:04:23.060Z;B-S-W-SQL-01;warn;4098;Group Policy Drive Maps;Application;The user 'I:' preference item in the 'MAP_Network_Drive {93585CE6-7A8B-43B2-A7BF-ABADEC939650}' Group Policy Object did not apply because it failed with error code '0x80070035 The network path was not found.' This error was suppressed.
2026-08-12T00:55:01.970Z;B-S-W-SQL-01;warn;208;SQLSERVERAGENT;Application;SQL Server Scheduled Job 'Emergency_Cache_Warming' (0x144466B7C98DCF46A3631FFDFB46581C) - Status: Failed - Invoked on: 2026-08-12 02:45:00 - Message: The job failed. The Job was invoked by Schedule 3094 (Every_5_Min_PLE_Check). The last step to run was step 1 (Check_PLE_And_Warm2).
2026-08-12T00:25:56.716Z;B-S-W-SQL-01;warn;208;SQLSERVERAGENT;Application;SQL Server Scheduled Job 'Emergency_Cache_Warming' (0x144466B7C98DCF46A3631FFDFB46581C) - Status: Failed - Invoked on: 2026-08-12 02:20:00 - Message: The job failed. The Job was invoked by Schedule 3094 (Every_5_Min_PLE_Check). The last step to run was step 1 (Check_PLE_And_Warm2).
2026-08-12T00:15:02.110Z;B-S-W-SQL-01;warn;208;SQLSERVERAGENT;Application;SQL Server Scheduled Job 'Emergency_Cache_Warming' (0x144466B7C98DCF46A3631FFDFB46581C) - Status: Failed - Invoked on: 2026-08-12 02:05:00 - Message: The job failed. The Job was invoked by Schedule 3094 (Every_5_Min_PLE_Check). The last step to run was step 1 (Check_PLE_And_Warm2).
2026-08-11T23:46:06.103Z;B-S-W-SQL-01;warn;208;SQLSERVERAGENT;Application;SQL Server Scheduled Job 'Emergency_Cache_Warming' (0x144466B7C98DCF46A3631FFDFB46581C) - Status: Failed - Invoked on: 2026-08-12 01:40:00 - Message: The job failed. The Job was invoked by Schedule 3094 (Every_5_Min_PLE_Check). The last step to run was step 1 (Check_PLE_And_Warm2).
2026-08-11T23:35:53.226Z;B-S-W-SQL-01;warn;4098;Group Policy Drive Maps;Application;The user 'Y:' preference item in the 'MAP_Network_Drive {93585CE6-7A8B-43B2-A7BF-ABADEC939650}' Group Policy Object did not apply because it failed with error code '0x80070035 The network path was not found.' This error was suppressed.
2026-08-11T23:35:01.896Z;B-S-W-SQL-01;warn;208;SQLSERVERAGENT;Application;SQL Server Scheduled Job 'Emergency_Cache_Warming' (0x144466B7C98DCF46A3631FFDFB46581C) - Status: Failed - Invoked on: 2026-08-12 01:25:00 - Message: The job failed. The Job was invoked by Schedule 3094 (Every_5_Min_PLE_Check). The last step to run was step 1 (Check_PLE_And_Warm2).
2026-08-11T23:14:21.950Z;B-S-W-SQL-01;warn;4098;Group Policy Drive Maps;Application;The user 'Y:' preference item in the 'MAP_Network_Drive {93585CE6-7A8B-43B2-A7BF-ABADEC939650}' Group Policy Object did not apply because it failed with error code '0x80070035 The network path was not found.' This error was suppressed.
2026-08-11T23:14:21.933Z;B-S-W-SQL-01;warn;4098;Group Policy Drive Maps;Application;The user 'I:' preference item in the 'MAP_Network_Drive {93585CE6-7A8B-43B2-A7BF-ABADEC939650}' Group Policy Object did not apply because it failed with error code '0x80070035 The network path was not found.' This error was suppressed.
2026-08-11T23:05:56.086Z;B-S-W-SQL-01;warn;208;SQLSERVERAGENT;Application;SQL Server Scheduled Job 'Emergency_Cache_Warming' (0x144466B7C98DCF46A3631FFDFB46581C) - Status: Failed - Invoked on: 2026-08-12 01:00:00 - Message: The job failed. The Job was invoked by Schedule 3094 (Every_5_Min_PLE_Check). The last step to run was step 1 (Check_PLE_And_Warm2).
2026-08-11T22:55:01.083Z;B-S-W-SQL-01;warn;208;SQLSERVERAGENT;Application;SQL Server Scheduled Job 'Emergency_Cache_Warming' (0x144466B7C98DCF46A3631FFDFB46581C) - Status: Failed - Invoked on: 2026-08-12 00:45:00 - Message: The job failed. The Job was invoked by Schedule 3094 (Every_5_Min_PLE_Check). The last step to run was step 1 (Check_PLE_And_Warm2).
2026-08-11T22:26:11.610Z;B-S-W-SQL-01;warn;208;SQLSERVERAGENT;Application;SQL Server Scheduled Job 'Emergency_Cache_Warming' (0x144466B7C98DCF46A3631FFDFB46581C) - Status: Failed - Invoked on: 2026-08-12 00:20:00 - Message: The job failed. The Job was invoked by Schedule 3094 (Every_5_Min_PLE_Check). The last step to run was step 1 (Check_PLE_And_Warm2).
2026-08-11T22:15:01.890Z;B-S-W-SQL-01;warn;208;SQLSERVERAGENT;Application;SQL Server Scheduled Job 'Emergency_Cache_Warming' (0x144466B7C98DCF46A3631FFDFB46581C) - Status: Failed - Invoked on: 2026-08-12 00:05:00 - Message: The job failed. The Job was invoked by Schedule 3094 (Every_5_Min_PLE_Check). The last step to run was step 1 (Check_PLE_And_Warm2).
2026-08-11T21:46:52.100Z;B-S-W-SQL-01;warn;4098;Group Policy Drive Maps;Application;The user 'Y:' preference item in the 'MAP_Network_Drive {93585CE6-7A8B-43B2-A7BF-ABADEC939650}' Group Policy Object did not apply because it failed with error code '0x80070035 The network path was not found.' This error was suppressed.
2026-08-11T21:46:52.083Z;B-S-W-SQL-01;warn;4098;Group Policy Drive Maps;Application;The user 'I:' preference item in the 'MAP_Network_Drive {93585CE6-7A8B-43B2-A7BF-ABADEC939650}' Group Policy Object did not apply because it failed with error code '0x80070035 The network path was not found.' This error was suppressed.
2026-08-11T21:45:56.170Z;B-S-W-SQL-01;warn;208;SQLSERVERAGENT;Application;SQL Server Scheduled Job 'Emergency_Cache_Warming' (0x144466B7C98DCF46A3631FFDFB46581C) - Status: Failed - Invoked on: 2026-08-11 23:40:00 - Message: The job failed. The Job was invoked by Schedule 3094 (Every_5_Min_PLE_Check). The last step to run was step 1 (Check_PLE_And_Warm2).
2026-08-11T21:35:01.726Z;B-S-W-SQL-01;warn;208;SQLSERVERAGENT;Application;SQL Server Scheduled Job 'Emergency_Cache_Warming' (0x144466B7C98DCF46A3631FFDFB46581C) - Status: Failed - Invoked on: 2026-08-11 23:25:00 - Message: The job failed. The Job was invoked by Schedule 3094 (Every_5_Min_PLE_Check). The last step to run was step 1 (Check_PLE_And_Warm2).
2026-08-11T21:26:20.710Z;B-S-W-SQL-01;warn;4098;Group Policy Drive Maps;Application;The user 'Y:' preference item in the 'MAP_Network_Drive {93585CE6-7A8B-43B2-A7BF-ABADEC939650}' Group Policy Object did not apply because it failed with error code '0x80070035 The network path was not found.' This error was suppressed.
2026-08-11T21:26:20.696Z;B-S-W-SQL-01;warn;4098;Group Policy Drive Maps;Application;The user 'I:' preference item in the 'MAP_Network_Drive {93585CE6-7A8B-43B2-A7BF-ABADEC939650}' Group Policy Object did not apply because it failed with error code '0x80070035 The network path was not found.' This error was suppressed.
2026-08-11T21:06:01.606Z;B-S-W-SQL-01;warn;208;SQLSERVERAGENT;Application;SQL Server Scheduled Job 'Emergency_Cache_Warming' (0x144466B7C98DCF46A3631FFDFB46581C) - Status: Failed - Invoked on: 2026-08-11 23:00:00 - Message: The job failed. The Job was invoked by Schedule 3094 (Every_5_Min_PLE_Check). The last step to run was step 1 (Check_PLE_And_Warm2).
2026-08-11T20:55:02.063Z;B-S-W-SQL-01;warn;208;SQLSERVERAGENT;Application;SQL Server Scheduled Job 'Emergency_Cache_Warming' (0x144466B7C98DCF46A3631FFDFB46581C) - Status: Failed - Invoked on: 2026-08-11 22:45:00 - Message: The job failed. The Job was invoked by Schedule 3094 (Every_5_Min_PLE_Check). The last step to run was step 1 (Check_PLE_And_Warm2).
2026-08-11T20:25:51.286Z;B-S-W-SQL-01;warn;208;SQLSERVERAGENT;Application;SQL Server Scheduled Job 'Emergency_Cache_Warming' (0x144466B7C98DCF46A3631FFDFB46581C) - Status: Failed - Invoked on: 2026-08-11 22:20:00 - Message: The job failed. The Job was invoked by Schedule 3094 (Every_5_Min_PLE_Check). The last step to run was step 1 (Check_PLE_And_Warm2).
2026-08-11T20:15:50.856Z;B-S-W-SQL-01;warn;4098;Group Policy Drive Maps;Application;The user 'Y:' preference item in the 'MAP_Network_Drive {93585CE6-7A8B-43B2-A7BF-ABADEC939650}' Group Policy Object did not apply because it failed with error code '0x80070035 The network path was not found.' This error was suppressed.
2026-08-11T20:15:50.840Z;B-S-W-SQL-01;warn;4098;Group Policy Drive Maps;Application;The user 'I:' preference item in the 'MAP_Network_Drive {93585CE6-7A8B-43B2-A7BF-ABADEC939650}' Group Policy Object did not apply because it failed with error code '0x80070035 The network path was not found.' This error was suppressed.
2026-08-11T20:15:01.466Z;B-S-W-SQL-01;warn;208;SQLSERVERAGENT;Application;SQL Server Scheduled Job 'Emergency_Cache_Warming' (0x144466B7C98DCF46A3631FFDFB46581C) - Status: Failed - Invoked on: 2026-08-11 22:05:00 - Message: The job failed. The Job was invoked by Schedule 3094 (Every_5_Min_PLE_Check). The last step to run was step 1 (Check_PLE_And_Warm2).
2026-08-11T19:46:01.676Z;B-S-W-SQL-01;warn;208;SQLSERVERAGENT;Application;SQL Server Scheduled Job 'Emergency_Cache_Warming' (0x144466B7C98DCF46A3631FFDFB46581C) - Status: Failed - Invoked on: 2026-08-11 21:40:00 - Message: The job failed. The Job was invoked by Schedule 3094 (Every_5_Min_PLE_Check). The last step to run was step 1 (Check_PLE_And_Warm2).
2026-08-11T19:39:19.476Z;B-S-W-SQL-01;warn;4098;Group Policy Drive Maps;Application;The user 'Y:' preference item in the 'MAP_Network_Drive {93585CE6-7A8B-43B2-A7BF-ABADEC939650}' Group Policy Object did not apply because it failed with error code '0x80070035 The network path was not found.' This error was suppressed.
2026-08-11T19:39:19.460Z;B-S-W-SQL-01;warn;4098;Group Policy Drive Maps;Application;The user 'I:' preference item in the 'MAP_Network_Drive {93585CE6-7A8B-43B2-A7BF-ABADEC939650}' Group Policy Object did not apply because it failed with error code '0x80070035 The network path was not found.' This error was suppressed.
2026-08-11T19:35:01.820Z;B-S-W-SQL-01;warn;208;SQLSERVERAGENT;Application;SQL Server Scheduled Job 'Emergency_Cache_Warming' (0x144466B7C98DCF46A3631FFDFB46581C) - Status: Failed - Invoked on: 2026-08-11 21:25:00 - Message: The job failed. The Job was invoked by Schedule 3094 (Every_5_Min_PLE_Check). The last step to run was step 1 (Check_PLE_And_Warm2).
2026-08-11T19:05:51.366Z;B-S-W-SQL-01;warn;208;SQLSERVERAGENT;Application;SQL Server Scheduled Job 'Emergency_Cache_Warming' (0x144466B7C98DCF46A3631FFDFB46581C) - Status: Failed - Invoked on: 2026-08-11 21:00:00 - Message: The job failed. The Job was invoked by Schedule 3094 (Every_5_Min_PLE_Check). The last step to run was step 1 (Check_PLE_And_Warm2).
2026-08-11T18:55:02.056Z;B-S-W-SQL-01;warn;208;SQLSERVERAGENT;Application;SQL Server Scheduled Job 'Emergency_Cache_Warming' (0x144466B7C98DCF46A3631FFDFB46581C) - Status: Failed - Invoked on: 2026-08-11 20:45:00 - Message: The job failed. The Job was invoked by Schedule 3094 (Every_5_Min_PLE_Check). The last step to run was step 1 (Check_PLE_And_Warm2).
2026-08-11T18:31:49.623Z;B-S-W-SQL-01;warn;4098;Group Policy Drive Maps;Application;The user 'Y:' preference item in the 'MAP_Network_Drive {93585CE6-7A8B-43B2-A7BF-ABADEC939650}' Group Policy Object did not apply because it failed with error code '0x80070035 The network path was not found.' This error was suppressed.
2026-08-11T18:31:49.606Z;B-S-W-SQL-01;warn;4098;Group Policy Drive Maps;Application;The user 'I:' preference item in the 'MAP_Network_Drive {93585CE6-7A8B-43B2-A7BF-ABADEC939650}' Group Policy Object did not apply because it failed with error code '0x80070035 The network path was not found.' This error was suppressed.
2026-08-11T18:26:16.776Z;B-S-W-SQL-01;warn;208;SQLSERVERAGENT;Application;SQL Server Scheduled Job 'Emergency_Cache_Warming' (0x144466B7C98DCF46A3631FFDFB46581C) - Status: Failed - Invoked on: 2026-08-11 20:20:00 - Message: The job failed. The Job was invoked by Schedule 3094 (Every_5_Min_PLE_Check). The last step to run was step 1 (Check_PLE_And_Warm2).
2026-08-11T18:15:02.070Z;B-S-W-SQL-01;warn;208;SQLSERVERAGENT;Application;SQL Server Scheduled Job 'Emergency_Cache_Warming' (0x144466B7C98DCF46A3631FFDFB46581C) - Status: Failed - Invoked on: 2026-08-11 20:05:00 - Message: The job failed. The Job was invoked by Schedule 3094 (Every_5_Min_PLE_Check). The last step to run was step 1 (Check_PLE_And_Warm2).
2026-08-11T18:07:18.280Z;B-S-W-SQL-01;warn;4098;Group Policy Drive Maps;Application;The user 'Y:' preference item in the 'MAP_Network_Drive {93585CE6-7A8B-43B2-A7BF-ABADEC939650}' Group Policy Object did not apply because it failed with error code '0x80070035 The network path was not found.' This error was suppressed.
2026-08-11T18:07:18.263Z;B-S-W-SQL-01;warn;4098;Group Policy Drive Maps;Application;The user 'I:' preference item in the 'MAP_Network_Drive {93585CE6-7A8B-43B2-A7BF-ABADEC939650}' Group Policy Object did not apply because it failed with error code '0x80070035 The network path was not found.' This error was suppressed.
2026-08-11T17:57:37.086Z;B-S-W-SQL-01;err;1803;Microsoft-Windows-TPM-WMI;System;"A PK-signed Key Exchange Key (KEK) cannot be found for this device. Check with the device manufacturer for proper key provisioning. This device signature information is included here. DeviceAttributes: BaseBoardManufacturer:Intel Corporation;FirmwareManufacturer:VMware, Inc.;FirmwareVersion:VMW71.00V.16707776.B64.2008070230;OEMModelNumber:VMware7,1;OEMModelBaseBoard:440BX Desktop Reference Platform;OEMModelSystemFamily:;OEMManufacturerName:VMware, Inc.;OEMModelSKU:;OSArchitecture:amd64; BucketId: c42abddf3a3802ff518f24f8dec0f7e2a2b3605404ff0d50864da0a9d2650503 BucketConfidenceLevel: High Confidence. For more information, please see https://go.microsoft.com/fwlink/?linkid=2339472"
2026-08-11T17:45:56.186Z;B-S-W-SQL-01;warn;208;SQLSERVERAGENT;Application;SQL Server Scheduled Job 'Emergency_Cache_Warming' (0x144466B7C98DCF46A3631FFDFB46581C) - Status: Failed - Invoked on: 2026-08-11 19:40:00 - Message: The job failed. The Job was invoked by Schedule 3094 (Every_5_Min_PLE_Check). The last step to run was step 1 (Check_PLE_And_Warm2).
2026-08-11T17:35:01.646Z;B-S-W-SQL-01;warn;208;SQLSERVERAGENT;Application;SQL Server Scheduled Job 'Emergency_Cache_Warming' (0x144466B7C98DCF46A3631FFDFB46581C) - Status: Failed - Invoked on: 2026-08-11 19:25:00 - Message: The job failed. The Job was invoked by Schedule 3094 (Every_5_Min_PLE_Check). The last step to run was step 1 (Check_PLE_And_Warm2).
2026-08-11T17:15:58.800Z;B-S-W-SQL-01;err;1511;Microsoft-Windows-User Profiles Service;Application;Windows cannot find the local profile and is logging you on with a temporary profile. Changes you make to this profile will be lost when you log off.
2026-08-11T17:05:55.950Z;B-S-W-SQL-01;warn;208;SQLSERVERAGENT;Application;SQL Server Scheduled Job 'Emergency_Cache_Warming' (0x144466B7C98DCF46A3631FFDFB46581C) - Status: Failed - Invoked on: 2026-08-11 19:00:00 - Message: The job failed. The Job was invoked by Schedule 3094 (Every_5_Min_PLE_Check). The last step to run was step 1 (Check_PLE_And_Warm2).
2026-08-11T16:55:01.746Z;B-S-W-SQL-01;warn;208;SQLSERVERAGENT;Application;SQL Server Scheduled Job 'Emergency_Cache_Warming' (0x144466B7C98DCF46A3631FFDFB46581C) - Status: Failed - Invoked on: 2026-08-11 18:45:00 - Message: The job failed. The Job was invoked by Schedule 3094 (Every_5_Min_PLE_Check). The last step to run was step 1 (Check_PLE_And_Warm2).
2026-08-11T16:42:12.833Z;B-S-W-SQL-01;err;1511;Microsoft-Windows-User Profiles Service;Application;Windows cannot find the local profile and is logging you on with a temporary profile. Changes you make to this profile will be lost when you log off.
2026-08-11T16:42:10.730Z;B-S-W-SQL-01;err;1511;Microsoft-Windows-User Profiles Service;Application;Windows cannot find the local profile and is logging you on with a temporary profile. Changes you make to this profile will be lost when you log off.
2026-08-11T16:42:08.943Z;B-S-W-SQL-01;err;1511;Microsoft-Windows-User Profiles Service;Application;Windows cannot find the local profile and is logging you on with a temporary profile. Changes you make to this profile will be lost when you log off.